"","mean","sd","median","lower2.5","upper97.5","diff"
"a[1,1]",0.69028,0.01564,0.68958,0.66037,0.72319,1
"a[2,1]",-0.00129,0.00278,-0.00104,-0.00748,0.00363,0
"a[3,1]",0.01044,0.01486,0.00981,-0.01826,0.04033,0
"a[4,1]",-0.00185,0.00276,-0.00187,-0.00826,0.00337,0
"a[5,1]",0.74156,0.05967,0.74126,0.62139,0.8653,1
"a[6,1]",-0.96714,114.3495,-0.83212,-230.88935,220.18623,0
"a[1,2]",0.68018,0.04016,0.67634,0.60291,0.77437,1
"a[2,2]",0.00777,0.04041,-0.00071,-0.07861,0.11692,0
"a[3,2]",0.00198,0.01329,0.00164,-0.02288,0.02997,0
"a[4,2]",-5e-04,0.00742,-0.00055,-0.01538,0.01431,0
"a[5,2]",0.81803,0.11978,0.81689,0.58238,1.05592,1
"a[6,2]",1.78319,114.60092,1.3931,-224.54199,227.26415,0
"a[1,3]",0.68997,0.01565,0.6893,0.66008,0.7221,1
"a[2,3]",-0.00112,0.00277,-0.00092,-0.00721,0.00395,0
"a[3,3]",0.01009,0.01505,0.00943,-0.01932,0.03984,0
"a[4,3]",-0.00195,0.00276,-0.00196,-0.00851,0.00317,0
"a[5,3]",0.7296,0.06587,0.73418,0.58192,0.8566,1
"a[6,3]",0.02733,114.68913,-1.12753,-224.94915,227.62517,0
"a[1,4]",0.69028,0.01565,0.68959,0.66089,0.72271,1
"a[2,4]",-0.00099,0.00279,-0.00084,-0.0069,0.00432,0
"a[3,4]",0.01102,0.01489,0.01032,-0.0173,0.04083,0
"a[4,4]",-0.00193,0.00274,-0.00194,-0.00839,0.00323,0
"a[5,4]",0.74229,0.05996,0.74153,0.62372,0.8697,1
"a[6,4]",0.23659,114.4329,-1.69215,-221.3798,226.42351,0
"a[1,5]",0.6895,0.01564,0.68892,0.65942,0.72102,1
"a[2,5]",-0.00111,0.00276,-0.00092,-0.00706,0.004,0
"a[3,5]",0.01048,0.01497,0.00976,-0.01847,0.04001,0
"a[4,5]",-0.00195,0.00277,-0.00195,-0.00856,0.00321,0
"a[5,5]",0.72994,0.06269,0.7341,0.58982,0.8507,1
"a[6,5]",-0.62797,115.10743,-1.34997,-222.7049,229.8,0
"a[1,6]",0.69009,0.01564,0.68951,0.66105,0.72233,1
"a[2,6]",-0.00122,0.00277,-0.00099,-0.00741,0.00374,0
"a[3,6]",0.00993,0.01501,0.00921,-0.01928,0.03929,0
"a[4,6]",-0.00182,0.00277,-0.00185,-0.00814,0.00342,0
"a[5,6]",0.74004,0.06137,0.74039,0.61679,0.86926,1
"a[6,6]",-0.30943,115.48086,-0.56504,-227.33842,225.53951,0
"a[1,7]",0.69017,0.01562,0.68951,0.66096,0.72262,1
"a[2,7]",-0.00105,0.00277,-0.00088,-0.00699,0.00404,0
"a[3,7]",0.01026,0.01491,0.00956,-0.0184,0.04013,0
"a[4,7]",-0.00186,0.00277,-0.00188,-0.0083,0.00335,0
"a[5,7]",0.72621,0.06271,0.73147,0.58496,0.84289,1
"a[6,7]",-0.45809,114.6985,-0.24702,-230.07809,222.36826,0
"a[1,8]",0.68957,0.01578,0.68907,0.65924,0.72181,1
"a[2,8]",-0.00132,0.00279,-0.00109,-0.00743,0.00365,0
"a[3,8]",0.00994,0.01518,0.00933,-0.02007,0.0393,0
"a[4,8]",-0.00193,0.00277,-0.00193,-0.00851,0.00325,0
"a[5,8]",0.72477,0.06621,0.73099,0.57237,0.8428,1
"a[6,8]",0.42415,115.0149,-0.70202,-223.68287,227.59081,0
"a[1,9]",0.6899,0.01576,0.68928,0.65982,0.72201,1
"a[2,9]",-0.00117,0.00278,-0.00096,-0.00711,0.00399,0
"a[3,9]",0.00992,0.01507,0.00929,-0.01924,0.03992,0
"a[4,9]",-0.00189,0.00277,-0.00192,-0.00837,0.0034,0
"a[5,9]",0.72904,0.06177,0.73279,0.59234,0.84612,1
"a[6,9]",-0.25974,114.79329,-0.11874,-225.07932,226.10852,0
"a[1,10]",0.69029,0.01557,0.68971,0.66085,0.72208,1
"a[2,10]",-0.00112,0.00277,-9e-04,-0.00718,0.00396,0
"a[3,10]",0.00952,0.01509,0.00893,-0.02018,0.03914,0
"a[4,10]",-0.00181,0.00279,-0.00187,-0.0083,0.00345,0
"a[5,10]",0.73233,0.06473,0.73549,0.59137,0.85666,1
"a[6,10]",-0.44462,114.82383,-0.91167,-226.61104,223.22996,0
"a[1,11]",0.6906,0.01569,0.69001,0.66091,0.72298,1
"a[2,11]",-0.00103,0.00276,-0.00085,-0.00696,0.0043,0
"a[3,11]",0.01121,0.01501,0.0105,-0.01712,0.0408,0
"a[4,11]",-0.00183,0.00277,-0.00188,-0.00822,0.00337,0
"a[5,11]",0.7327,0.05941,0.73502,0.6048,0.84975,1
"a[6,11]",-0.06748,114.88688,-0.44453,-223.59852,223.00851,0
"a[1,12]",0.68965,0.01569,0.68893,0.65986,0.72157,1
"a[2,12]",-0.00093,0.0028,-0.00078,-0.00686,0.00433,0
"a[3,12]",0.01087,0.01501,0.01023,-0.01752,0.04073,0
"a[4,12]",-0.00194,0.00276,-0.00196,-0.00838,0.00321,0
"a[5,12]",0.73278,0.06305,0.73575,0.59404,0.85686,1
"a[6,12]",-0.56572,114.40814,-0.75862,-223.97086,226.98581,0
"a[1,13]",0.68943,0.0157,0.6888,0.65981,0.72165,1
"a[2,13]",-0.00111,0.00279,-0.00092,-0.0073,0.00394,0
"a[3,13]",0.01059,0.01505,0.00986,-0.01835,0.04033,0
"a[4,13]",-0.00198,0.0028,-0.00199,-0.00865,0.00315,0
"a[5,13]",0.73528,0.0617,0.73798,0.60351,0.85659,1
"a[6,13]",-0.7781,114.35326,-2.10226,-222.23843,226.56333,0
"a[1,14]",0.69028,0.0157,0.68964,0.66058,0.72296,1
"a[2,14]",-0.00113,0.00275,-0.00095,-0.00705,0.00396,0
"a[3,14]",0.01009,0.01489,0.00945,-0.01894,0.03961,0
"a[4,14]",-0.00188,0.00277,-0.00188,-0.00838,0.00333,0
"a[5,14]",0.72048,0.0714,0.729,0.54786,0.84453,1
"a[6,14]",0.64418,115.02723,-0.37614,-223.41793,228.44408,0
"a[1,15]",0.69015,0.01563,0.6897,0.66046,0.72228,1
"a[2,15]",-0.001,0.00277,-0.00085,-0.00692,0.00424,0
"a[3,15]",0.01035,0.01493,0.00958,-0.01924,0.03987,0
"a[4,15]",-0.00193,0.00277,-0.00194,-0.00854,0.00322,0
"a[5,15]",0.72873,0.0646,0.73306,0.58522,0.85108,1
"a[6,15]",-0.48859,115.05191,-1.49537,-225.4169,226.91328,0
"a[1,16]",0.67864,0.04017,0.67514,0.59852,0.77234,1
"a[2,16]",0.01606,0.05103,-0.00082,-0.0533,0.1627,0
"a[3,16]",-0.00013,0.01351,1e-05,-0.02828,0.02588,0
"a[4,16]",-0.00296,0.00824,-0.00235,-0.02109,0.0115,0
"a[5,16]",0.63233,0.15917,0.63269,0.31485,0.94202,1
"a[6,16]",0.76803,115.59303,-0.27794,-225.49176,230.76798,0
"a[1,17]",0.67663,0.03979,0.67381,0.59555,0.76772,1
"a[2,17]",0.27041,0.38896,0.00033,-0.00933,0.95283,0
"a[3,17]",5e-04,0.01522,0.00034,-0.03087,0.03135,0
"a[4,17]",-0.03212,0.08968,-0.07948,-0.12784,0.10788,0
"a[5,17]",-0.02582,0.06789,-0.0249,-0.15952,0.10386,0
"a[6,17]",1.5138,115.00311,1.22248,-223.49075,227.78149,0
"a[1,18]",0.68047,0.04051,0.67621,0.60353,0.77585,1
"a[2,18]",0.01196,0.03744,-0.00065,-0.03868,0.12482,0
"a[3,18]",0.001,0.01314,0.00083,-0.02438,0.02749,0
"a[4,18]",-4e-05,0.00762,0.00016,-0.01572,0.01457,0
"a[5,18]",0.75861,0.13178,0.75863,0.50283,1.01411,1
"a[6,18]",1.59674,114.98048,0.12585,-222.12306,231.66633,0
"a[1,19]",0.68131,0.04053,0.67726,0.60381,0.77519,1
"a[2,19]",0.01841,0.0494,-0.00046,-0.04563,0.1601,0
"a[3,19]",0.00294,0.01359,0.00223,-0.02108,0.03255,0
"a[4,19]",-0.00247,0.00808,-0.00199,-0.0205,0.01186,0
"a[5,19]",0.76248,0.11774,0.76247,0.5346,0.99337,1
"a[6,19]",1.15348,114.13792,0.18311,-223.02798,224.9824,0
"a[1,20]",0.68068,0.04033,0.67661,0.60556,0.77513,1
"a[2,20]",0.01861,0.04797,-5e-05,-0.04665,0.14946,0
"a[3,20]",0.00169,0.0135,0.00145,-0.02481,0.03014,0
"a[4,20]",-0.00216,0.00783,-0.00179,-0.01841,0.0123,0
"a[5,20]",0.79202,0.12968,0.79174,0.53685,1.04125,1
"a[6,20]",0.43627,115.51149,-0.8468,-227.28825,228.66175,0
"a[1,21]",0.67853,0.03999,0.67498,0.59936,0.77166,1
"a[2,21]",0.01165,0.03687,-0.00073,-0.04003,0.11184,0
"a[3,21]",0.00073,0.01304,0.00057,-0.0256,0.0271,0
"a[4,21]",-0.00197,0.00692,-0.00173,-0.01556,0.01151,0
"a[5,21]",0.63241,0.17397,0.63418,0.28249,0.96964,1
"a[6,21]",0.88288,114.93521,0.29384,-224.01799,228.62104,0
"a[1,22]",0.68115,0.04019,0.67718,0.60306,0.77437,1
"a[2,22]",0.00644,0.03665,-0.0013,-0.07099,0.10773,0
"a[3,22]",-0.00095,0.01421,-0.00048,-0.03272,0.02509,0
"a[4,22]",-0.00159,0.00697,-0.00163,-0.01555,0.01239,0
"a[5,22]",0.88986,0.09449,0.88953,0.70725,1.0782,1
"a[6,22]",1.98667,114.45031,0.63953,-221.02104,228.51623,0
"a[1,23]",0.68918,0.01572,0.68869,0.65864,0.7207,1
"a[2,23]",-9e-04,0.00277,-0.00075,-0.00685,0.00454,0
"a[3,23]",0.01145,0.01496,0.01084,-0.01658,0.041,0
"a[4,23]",-0.00192,0.0028,-0.00196,-0.00848,0.00336,0
"a[5,23]",0.76259,0.06037,0.75714,0.65659,0.90222,1
"a[6,23]",0.12496,115.14485,-1.10765,-227.93486,224.14197,0
"a[1,24]",0.67993,0.0404,0.67604,0.60042,0.77424,1
"a[2,24]",0.02153,0.04898,-7e-05,-0.02363,0.15534,0
"a[3,24]",0.00157,0.01339,0.00132,-0.02438,0.02939,0
"a[4,24]",-0.0031,0.00781,-0.00266,-0.01895,0.01124,0
"a[5,24]",0.79871,0.12665,0.79871,0.54971,1.04595,1
"a[6,24]",0.45031,114.54968,-0.74829,-224.77853,226.58178,0
"a[1,25]",0.6799,0.04019,0.67613,0.60165,0.77418,1
"a[2,25]",-0.00619,0.03648,-0.00215,-0.10764,0.07492,0
"a[3,25]",0.00027,0.01342,0.00026,-0.0279,0.02661,0
"a[4,25]",0.00223,0.00705,0.00222,-0.01148,0.01633,0
"a[5,25]",0.82511,0.11575,0.82491,0.59839,1.05469,1
"a[6,25]",1.34881,114.5255,1.16471,-223.59036,226.98902,0
"a[1,26]",0.67569,0.0398,0.67305,0.59316,0.76783,1
"a[2,26]",-0.01224,0.03975,-0.00265,-0.12504,0.05025,0
"a[3,26]",-0.00152,0.01359,-0.00092,-0.03185,0.023,0
"a[4,26]",0.00216,0.00708,0.00192,-0.01146,0.01645,0
"a[5,26]",0.75845,0.08505,0.75803,0.58922,0.92505,1
"a[6,26]",2.0913,115.37579,-0.3106,-225.02865,229.61247,0
"a[1,27]",0.67741,0.03952,0.67447,0.59524,0.76783,1
"a[2,27]",0.00554,0.04243,-0.002,-0.06749,0.13765,0
"a[3,27]",0.00162,0.01316,0.00132,-0.02306,0.02916,0
"a[4,27]",-0.00037,0.00878,1e-05,-0.01824,0.01631,0
"a[5,27]",0.85718,0.05799,0.85755,0.74015,0.96873,1
"a[6,27]",0.81912,114.09547,0.69057,-225.86742,225.48181,0
"a[1,28]",0.68279,0.04091,0.67837,0.60697,0.77976,1
"a[2,28]",0.02473,0.05311,0.00036,-0.01443,0.17779,0
"a[3,28]",0.00011,0.01443,0.00037,-0.0312,0.02768,0
"a[4,28]",-0.00357,0.00809,-0.00304,-0.02117,0.01069,0
"a[5,28]",0.64967,0.12829,0.65066,0.399,0.89925,1
"a[6,28]",1.09429,114.59533,0.42405,-224.70253,225.53347,0
"a[1,29]",0.67869,0.04017,0.67487,0.60152,0.77135,1
"a[2,29]",-0.00261,0.04686,-0.00186,-0.11438,0.11786,0
"a[3,29]",0.00109,0.0133,0.00099,-0.02493,0.02826,0
"a[4,29]",0.0015,0.00792,0.00169,-0.01538,0.01675,0
"a[5,29]",0.70254,0.1,0.70268,0.50465,0.89829,1
"a[6,29]",1.3963,114.29257,1.02138,-222.38031,224.62268,0
"a[1,30]",0.69031,0.01564,0.68958,0.66139,0.72244,1
"a[2,30]",-0.00095,0.00276,-0.00078,-0.0069,0.00429,0
"a[3,30]",0.0109,0.01499,0.01018,-0.01768,0.04056,0
"a[4,30]",-0.00185,0.00277,-0.00188,-0.00825,0.00338,0
"a[5,30]",0.74473,0.05738,0.74392,0.63276,0.86691,1
"a[6,30]",0.09924,114.36055,-0.63461,-225.00252,228.52738,0
"a[1,31]",0.68981,0.01573,0.6892,0.66004,0.72272,1
"a[2,31]",-0.00128,0.00279,-0.00107,-0.00738,0.00379,0
"a[3,31]",0.01073,0.01491,0.01008,-0.01821,0.04039,0
"a[4,31]",-0.00202,0.00275,-0.00199,-0.00857,0.00304,0
"a[5,31]",0.74586,0.0596,0.744,0.63171,0.876,1
"a[6,31]",0.20513,114.70628,-0.32954,-222.40419,228.18634,0
"a[1,32]",0.69006,0.01572,0.68948,0.66009,0.72241,1
"a[2,32]",-0.00111,0.00276,-0.00095,-0.00702,0.00406,0
"a[3,32]",0.01005,0.01489,0.00933,-0.01893,0.0394,0
"a[4,32]",-0.00196,0.00276,-0.00198,-0.00849,0.00317,0
"a[5,32]",0.73088,0.05954,0.73446,0.60105,0.84489,1
"a[6,32]",-0.36078,115.47256,-1.01745,-223.86151,228.14713,0
"a[1,33]",0.6901,0.01559,0.68953,0.66078,0.72198,1
"a[2,33]",-0.0012,0.00279,-0.00102,-0.00734,0.00387,0
"a[3,33]",0.0102,0.01503,0.00943,-0.01882,0.0397,0
"a[4,33]",-0.00189,0.00279,-0.0019,-0.00847,0.0033,0
"a[5,33]",0.72703,0.06429,0.73198,0.58513,0.84364,1
"a[6,33]",0.22678,114.81774,-0.73511,-223.24813,227.81196,0
"a[1,34]",0.69011,0.01596,0.68958,0.65937,0.72323,1
"a[2,34]",-0.00118,0.00285,-0.00097,-0.00733,0.00404,0
"a[3,34]",0.01029,0.01517,0.00966,-0.0189,0.04008,0
"a[4,34]",-0.00186,0.00283,-0.00189,-0.00849,0.00341,0
"a[5,34]",0.73511,0.06731,0.73746,0.59253,0.87074,1
"a[6,34]",-0.13913,114.91567,-0.94189,-224.87387,225.13218,0
"a[1,35]",0.68996,0.01611,0.68922,0.65906,0.72305,1
"a[2,35]",-0.00111,0.00285,-0.00091,-0.0073,0.00423,0
"a[3,35]",0.01048,0.0154,0.00968,-0.01938,0.04064,0
"a[4,35]",-0.00192,0.00291,-0.00195,-0.0086,0.00349,0
"a[5,35]",0.73447,0.07079,0.73688,0.5826,0.87265,1
"a[6,35]",-0.16769,114.1381,-0.99017,-220.37361,225.63179,0
"a[1,36]",0.68992,0.01608,0.68927,0.65897,0.72323,1
"a[2,36]",-0.00113,0.00291,-0.00094,-0.00737,0.00429,0
"a[3,36]",0.01037,0.01543,0.00981,-0.01988,0.04005,0
"a[4,36]",-0.00188,0.00285,-0.00192,-0.00846,0.00348,0
"a[5,36]",0.7338,0.07034,0.73639,0.58017,0.87324,1
"a[6,36]",0.13651,114.5208,0.36604,-226.8531,223.97394,0
"a[1,37]",0.68994,0.01624,0.68946,0.65914,0.72338,1
"a[2,37]",-0.00111,0.0029,-9e-04,-0.0074,0.00429,0
"a[3,37]",0.01041,0.01529,0.00966,-0.01914,0.04073,0
"a[4,37]",-0.00191,0.00288,-0.00193,-0.00861,0.00344,0
"a[5,37]",0.73436,0.06917,0.73712,0.58338,0.87213,1
"a[6,37]",-0.06847,115.24593,-0.63775,-228.57245,225.84341,0
"a[1,38]",0.6899,0.01604,0.68918,0.65891,0.72355,1
"a[2,38]",-0.00113,0.00291,-0.00093,-0.00742,0.00426,0
"a[3,38]",0.0104,0.01552,0.00977,-0.0201,0.04047,0
"a[4,38]",-0.0019,0.00292,-0.00196,-0.00878,0.00351,0
"a[5,38]",0.73476,0.06876,0.73694,0.5914,0.87013,1
"a[6,38]",-0.65727,114.39058,-1.44645,-225.42821,224.11306,0
"a[1,39]",0.6901,0.01614,0.6895,0.65861,0.72301,1
"a[2,39]",-0.00112,0.00291,-0.00092,-0.00733,0.0042,0
"a[3,39]",0.01035,0.01551,0.00978,-0.02007,0.04066,0
"a[4,39]",-0.0019,0.00287,-0.00192,-0.00867,0.00343,0
"a[5,39]",0.73422,0.07009,0.73746,0.58303,0.87422,1
"a[6,39]",-0.46607,114.21957,-1.14209,-222.01808,222.39268,0
"a[1,40]",0.68999,0.01626,0.68946,0.65829,0.72394,1
"a[2,40]",-0.00113,0.00289,-0.00095,-0.00735,0.00428,0
"a[3,40]",0.01044,0.01543,0.00983,-0.01969,0.04125,0
"a[4,40]",-0.0019,0.00289,-0.00192,-0.00867,0.00347,0
"a[5,40]",0.7346,0.07041,0.73681,0.58384,0.8739,1
"a[6,40]",-0.31727,115.08836,-0.21143,-227.14809,224.76201,0
"a[1,41]",0.67959,0.04112,0.67581,0.59838,0.77427,1
"a[2,41]",0.02939,0.15645,-0.0012,-0.26994,0.45262,0
"a[3,41]",0.00077,0.01529,0.00066,-0.03035,0.03212,0
"a[4,41]",-0.00311,0.03201,-0.00299,-0.06767,0.05928,0
"a[5,41]",0.70241,0.30235,0.70069,0.10528,1.31653,1
"a[6,41]",0.35347,114.68029,-0.52383,-224.8899,228.3649,0
"alpha[1,1,1,1]",0.11742,0.10006,0.0902,0.00369,0.3698,1
"alpha[2,1,1,1]",0.11265,0.09734,0.0864,0.00329,0.35835,1
"alpha[3,1,1,1]",0.11383,0.09852,0.08684,0.00315,0.36745,1
"alpha[4,1,1,1]",0.10805,0.09655,0.08077,0.00299,0.36346,1
"alpha[5,1,1,1]",0.11041,0.09508,0.08501,0.00345,0.35551,1
"alpha[6,1,1,1]",0.11065,0.09483,0.08575,0.00349,0.35159,1
"alpha[7,1,1,1]",0.0982,0.08162,0.07909,0.00351,0.30975,1
"alpha[8,1,1,1]",0.12086,0.09647,0.09875,0.00437,0.35611,1
"alpha[9,1,1,1]",0.10792,0.09142,0.08524,0.00306,0.33884,1
"alpha[10,1,1,1]",0,0,0,0,0,0.5
"alpha[11,1,1,1]",0,0,0,0,0,0.5
"alpha[12,1,1,1]",0,0,0,0,0,0.5
"alpha[1,2,1,1]",0.0871,0.07815,0.0652,0.00233,0.29486,1
"alpha[2,2,1,1]",0.08835,0.07891,0.06655,0.00252,0.29191,1
"alpha[3,2,1,1]",0.08497,0.07591,0.06297,0.00243,0.28301,1
"alpha[4,2,1,1]",0.08521,0.07492,0.06493,0.00256,0.27859,1
"alpha[5,2,1,1]",0.08128,0.07279,0.06143,0.00235,0.27277,1
"alpha[6,2,1,1]",0.07794,0.06784,0.05971,0.00234,0.25429,1
"alpha[7,2,1,1]",0.0724,0.06053,0.05743,0.00256,0.2262,1
"alpha[8,2,1,1]",0.08178,0.06704,0.06621,0.00301,0.24632,1
"alpha[9,2,1,1]",0.08029,0.07024,0.06204,0.00227,0.26096,1
"alpha[10,2,1,1]",0.08653,0.07863,0.0643,0.0024,0.2916,1
"alpha[11,2,1,1]",0.08878,0.08018,0.06659,0.00256,0.29506,1
"alpha[12,2,1,1]",0.08536,0.07677,0.06323,0.00257,0.28587,1
"alpha[1,3,1,1]",0.08809,0.07985,0.06485,0.00245,0.29611,1
"alpha[2,3,1,1]",0.0824,0.07532,0.06042,0.00233,0.279,1
"alpha[3,3,1,1]",0.08614,0.07702,0.06432,0.0023,0.28681,1
"alpha[4,3,1,1]",0.08238,0.07446,0.06101,0.0023,0.27479,1
"alpha[5,3,1,1]",0.08375,0.07535,0.06229,0.00249,0.28029,1
"alpha[6,3,1,1]",0.07735,0.06888,0.05845,0.00219,0.25839,1
"alpha[7,3,1,1]",0.08225,0.07215,0.0626,0.0026,0.2691,1
"alpha[8,3,1,1]",0.08043,0.06666,0.06408,0.00285,0.2447,1
"alpha[9,3,1,1]",0.07821,0.07171,0.05761,0.00228,0.26649,1
"alpha[10,3,1,1]",0.0852,0.07697,0.0637,0.00242,0.28368,1
"alpha[11,3,1,1]",0.08713,0.07846,0.06527,0.00258,0.29339,1
"alpha[12,3,1,1]",0.08667,0.0768,0.06531,0.0024,0.28445,1
"alpha[1,4,1,1]",0.08357,0.07722,0.06128,0.00223,0.28715,1
"alpha[2,4,1,1]",0.08614,0.07724,0.06486,0.0025,0.28724,1
"alpha[3,4,1,1]",0.08501,0.07529,0.06425,0.00265,0.28079,1
"alpha[4,4,1,1]",0.08132,0.07559,0.05861,0.00217,0.27984,1
"alpha[5,4,1,1]",0.08256,0.07541,0.06099,0.00215,0.27909,1
"alpha[6,4,1,1]",0.0838,0.07455,0.06311,0.00234,0.27611,1
"alpha[7,4,1,1]",0.08229,0.07305,0.062,0.00252,0.2669,1
"alpha[8,4,1,1]",0.08033,0.06687,0.06378,0.0028,0.24963,1
"alpha[9,4,1,1]",0.07811,0.07203,0.05713,0.00226,0.26748,1
"alpha[10,4,1,1]",0.08334,0.07446,0.06222,0.00247,0.27251,1
"alpha[11,4,1,1]",0.0869,0.07827,0.06496,0.00254,0.29196,1
"alpha[12,4,1,1]",0.08662,0.07714,0.06522,0.00238,0.28811,1
"alpha[1,5,1,1]",0.08379,0.07687,0.06165,0.00218,0.29063,1
"alpha[2,5,1,1]",0.08529,0.07782,0.06286,0.00246,0.29283,1
"alpha[3,5,1,1]",0.08129,0.0743,0.06062,0.00231,0.27626,1
"alpha[4,5,1,1]",0.08602,0.0776,0.064,0.00269,0.29051,1
"alpha[5,5,1,1]",0.08111,0.0719,0.06156,0.0025,0.26284,1
"alpha[6,5,1,1]",0.0839,0.07462,0.06283,0.00241,0.27762,1
"alpha[7,5,1,1]",0.08748,0.07084,0.07028,0.00295,0.26391,1
"alpha[8,5,1,1]",0.07904,0.06923,0.06126,0.00219,0.25605,1
"alpha[9,5,1,1]",0.07808,0.07163,0.05732,0.00221,0.26584,1
"alpha[10,5,1,1]",0.08348,0.0753,0.06302,0.00258,0.27914,1
"alpha[11,5,1,1]",0.08412,0.07684,0.06179,0.00252,0.28576,1
"alpha[12,5,1,1]",0.08641,0.07592,0.06554,0.00229,0.28114,1
"alpha[1,1,2,1]",0.1122,0.09148,0.09025,0.00379,0.3386,1
"alpha[2,1,2,1]",0.11208,0.09195,0.09016,0.00357,0.34028,1
"alpha[3,1,2,1]",0.10899,0.09351,0.08483,0.00311,0.34583,1
"alpha[4,1,2,1]",0.11471,0.09981,0.08728,0.00314,0.36649,1
"alpha[5,1,2,1]",0.11901,0.10331,0.09048,0.00351,0.38028,1
"alpha[6,1,2,1]",0.1109,0.09769,0.08365,0.00303,0.35869,1
"alpha[7,1,2,1]",0.09827,0.08315,0.07719,0.00343,0.30918,1
"alpha[8,1,2,1]",0.1082,0.09677,0.08007,0.00344,0.36375,1
"alpha[9,1,2,1]",0.11564,0.09999,0.08942,0.00328,0.37119,1
"alpha[10,1,2,1]",0,0,0,0,0,0.5
"alpha[11,1,2,1]",0,0,0,0,0,0.5
"alpha[12,1,2,1]",0,0,0,0,0,0.5
"alpha[1,2,2,1]",0.08759,0.07362,0.06922,0.00256,0.27094,1
"alpha[2,2,2,1]",0.08006,0.06893,0.06126,0.00258,0.25422,1
"alpha[3,2,2,1]",0.08039,0.07075,0.06133,0.00241,0.26226,1
"alpha[4,2,2,1]",0.08766,0.07742,0.06595,0.00252,0.29268,1
"alpha[5,2,2,1]",0.08657,0.07667,0.06568,0.00253,0.28486,1
"alpha[6,2,2,1]",0.08607,0.07622,0.06494,0.00252,0.28226,1
"alpha[7,2,2,1]",0.07174,0.06052,0.05643,0.00241,0.22632,1
"alpha[8,2,2,1]",0.08402,0.07193,0.06479,0.00268,0.2622,1
"alpha[9,2,2,1]",0.08406,0.07153,0.06503,0.00249,0.26364,1
"alpha[10,2,2,1]",0.08651,0.07934,0.06359,0.00233,0.30017,1
"alpha[11,2,2,1]",0.08472,0.07191,0.06607,0.00267,0.26773,1
"alpha[12,2,2,1]",0.0806,0.06827,0.06308,0.00256,0.25009,1
"alpha[1,3,2,1]",0.08406,0.07487,0.06284,0.00276,0.27981,1
"alpha[2,3,2,1]",0.08407,0.07472,0.06304,0.0026,0.27869,1
"alpha[3,3,2,1]",0.08015,0.07433,0.05838,0.00209,0.27397,1
"alpha[4,3,2,1]",0.08422,0.07597,0.06245,0.00245,0.28016,1
"alpha[5,3,2,1]",0.08314,0.07615,0.06102,0.00238,0.28493,1
"alpha[6,3,2,1]",0.08327,0.07342,0.06361,0.00256,0.27281,1
"alpha[7,3,2,1]",0.08097,0.07362,0.05988,0.00201,0.27826,1
"alpha[8,3,2,1]",0.08177,0.07064,0.06284,0.00261,0.26209,1
"alpha[9,3,2,1]",0.08489,0.07798,0.06285,0.00229,0.29083,1
"alpha[10,3,2,1]",0.08395,0.07703,0.06114,0.00226,0.28686,1
"alpha[11,3,2,1]",0.08287,0.07174,0.06387,0.00257,0.26764,1
"alpha[12,3,2,1]",0.08663,0.07436,0.0672,0.00258,0.27749,1
"alpha[1,4,2,1]",0.08576,0.07708,0.06339,0.00238,0.28898,1
"alpha[2,4,2,1]",0.08288,0.07704,0.06013,0.00217,0.2853,1
"alpha[3,4,2,1]",0.08003,0.07305,0.0595,0.00221,0.27094,1
"alpha[4,4,2,1]",0.08553,0.07835,0.0627,0.00237,0.29278,1
"alpha[5,4,2,1]",0.08439,0.077,0.0618,0.00237,0.28662,1
"alpha[6,4,2,1]",0.08011,0.0713,0.06018,0.00228,0.26468,1
"alpha[7,4,2,1]",0.08051,0.07307,0.05976,0.002,0.26726,1
"alpha[8,4,2,1]",0.08128,0.06953,0.06308,0.00266,0.25465,1
"alpha[9,4,2,1]",0.08453,0.07711,0.06298,0.00238,0.28654,1
"alpha[10,4,2,1]",0.08663,0.07725,0.06519,0.00249,0.29015,1
"alpha[11,4,2,1]",0.08242,0.07118,0.06386,0.00245,0.26195,1
"alpha[12,4,2,1]",0.08593,0.07285,0.06729,0.00267,0.27147,1
"alpha[1,5,2,1]",0.08357,0.07523,0.0619,0.00272,0.27788,1
"alpha[2,5,2,1]",0.08334,0.07604,0.06132,0.00256,0.28265,1
"alpha[3,5,2,1]",0.08328,0.07571,0.06192,0.00215,0.28514,1
"alpha[4,5,2,1]",0.08652,0.07881,0.06353,0.00235,0.29409,1
"alpha[5,5,2,1]",0.08023,0.07253,0.05981,0.00212,0.26442,1
"alpha[6,5,2,1]",0.08136,0.07252,0.06145,0.00235,0.26704,1
"alpha[7,5,2,1]",0.07855,0.07156,0.05758,0.00227,0.2665,1
"alpha[8,5,2,1]",0.08321,0.07299,0.06373,0.00245,0.26717,1
"alpha[9,5,2,1]",0.08596,0.07828,0.06321,0.00233,0.28956,1
"alpha[10,5,2,1]",0.08786,0.07907,0.06563,0.00266,0.29634,1
"alpha[11,5,2,1]",0.07945,0.06865,0.06176,0.00257,0.25284,1
"alpha[12,5,2,1]",0.08668,0.07255,0.06881,0.00261,0.2731,1
"alpha[1,1,1,2]",0.06287,0.05666,0.047,0.0018,0.20836,1
"alpha[2,1,1,2]",0.26968,0.12332,0.27052,0.03478,0.50336,1
"alpha[3,1,1,2]",0.08743,0.07818,0.06525,0.00244,0.29034,1
"alpha[4,1,1,2]",0.08834,0.07242,0.07141,0.00229,0.26399,1
"alpha[5,1,1,2]",0.09002,0.06257,0.07939,0.00471,0.23583,1
"alpha[6,1,1,2]",0.02882,0.026,0.02145,0.00079,0.09689,1
"alpha[7,1,1,2]",0.11744,0.05575,0.1233,0.01277,0.22155,1
"alpha[8,1,1,2]",0.0652,0.04063,0.06027,0.00379,0.15572,1
"alpha[9,1,1,2]",0.1902,0.07539,0.18103,0.06734,0.3599,1
"alpha[10,1,1,2]",0,0,0,0,0,0.5
"alpha[11,1,1,2]",0,0,0,0,0,0.5
"alpha[12,1,1,2]",0,0,0,0,0,0.5
"alpha[1,2,1,2]",0.0526,0.04845,0.03842,0.00138,0.18173,1
"alpha[2,2,1,2]",0.20501,0.11033,0.20425,0.01679,0.42128,1
"alpha[3,2,1,2]",0.059,0.05484,0.04255,0.00162,0.20239,1
"alpha[4,2,1,2]",0.06351,0.05215,0.05081,0.00222,0.1938,1
"alpha[5,2,1,2]",0.09646,0.06821,0.08394,0.00492,0.25556,1
"alpha[6,2,1,2]",0.06457,0.04663,0.0562,0.00312,0.1764,1
"alpha[7,2,1,2]",0.10252,0.05102,0.10796,0.00999,0.19778,1
"alpha[8,2,1,2]",0.01354,0.01317,0.00968,0.00037,0.0489,1
"alpha[9,2,1,2]",0.15958,0.05526,0.15528,0.06157,0.27954,1
"alpha[10,2,1,2]",0.02564,0.02459,0.01834,0.00066,0.09239,1
"alpha[11,2,1,2]",0.02768,0.0258,0.02013,0.00085,0.09528,1
"alpha[12,2,1,2]",0.1299,0.07876,0.12264,0.00816,0.30013,1
"alpha[1,3,1,2]",0.04837,0.0448,0.03539,0.00137,0.1644,1
"alpha[2,3,1,2]",0.09042,0.0738,0.07307,0.00283,0.27346,1
"alpha[3,3,1,2]",0.05726,0.05226,0.04229,0.00181,0.19103,1
"alpha[4,3,1,2]",0.08825,0.07206,0.07044,0.003,0.26979,1
"alpha[5,3,1,2]",0.0276,0.02563,0.02014,0.00073,0.09482,1
"alpha[6,3,1,2]",0.05196,0.03962,0.04341,0.00227,0.15033,1
"alpha[7,3,1,2]",0.03571,0.03112,0.0271,0.00091,0.11308,1
"alpha[8,3,1,2]",0.01079,0.01086,0.00754,0.00029,0.04004,1
"alpha[9,3,1,2]",0.28799,0.11123,0.27363,0.10271,0.52695,1
"alpha[10,3,1,2]",0.02019,0.01981,0.01429,0.00054,0.07317,1
"alpha[11,3,1,2]",0.02191,0.02086,0.01564,0.00064,0.07837,1
"alpha[12,3,1,2]",0.25955,0.10427,0.26005,0.05343,0.46161,1
"alpha[1,4,1,2]",0.08852,0.07329,0.06931,0.00263,0.26967,1
"alpha[2,4,1,2]",0.04506,0.04213,0.03305,0.00128,0.15511,1
"alpha[3,4,1,2]",0.05776,0.05099,0.04363,0.00157,0.1894,1
"alpha[4,4,1,2]",0.06812,0.05537,0.05461,0.00232,0.20195,1
"alpha[5,4,1,2]",0.07559,0.06677,0.0555,0.00219,0.24461,1
"alpha[6,4,1,2]",0.20952,0.07961,0.20647,0.06404,0.37151,1
"alpha[7,4,1,2]",0.02375,0.02123,0.0177,6e-04,0.07794,1
"alpha[8,4,1,2]",0.00703,0.00693,0.00497,0.00019,0.02564,1
"alpha[9,4,1,2]",0.19378,0.084,0.18183,0.06038,0.38125,1
"alpha[10,4,1,2]",0.04361,0.03831,0.03327,0.0015,0.14114,1
"alpha[11,4,1,2]",0.01434,0.01344,0.01046,0.00042,0.05128,1
"alpha[12,4,1,2]",0.17292,0.07291,0.17215,0.03349,0.3149,1
"alpha[1,5,1,2]",0.04984,0.04546,0.03703,0.00142,0.16979,1
"alpha[2,5,1,2]",0.07368,0.06239,0.05748,0.00215,0.22954,1
"alpha[3,5,1,2]",0.02896,0.02767,0.02051,7e-04,0.10391,1
"alpha[4,5,1,2]",0.16609,0.099,0.16583,0.00737,0.35923,1
"alpha[5,5,1,2]",0.01081,0.01011,0.00787,0.00028,0.03792,1
"alpha[6,5,1,2]",0.17332,0.06216,0.17304,0.05339,0.29532,1
"alpha[7,5,1,2]",0.02384,0.01473,0.0223,0.0014,0.0563,1
"alpha[8,5,1,2]",0.07072,0.03055,0.0649,0.02468,0.14143,1
"alpha[9,5,1,2]",0.1672,0.08429,0.14516,0.04562,0.3472,1
"alpha[10,5,1,2]",0.03595,0.03081,0.02791,0.00121,0.11342,1
"alpha[11,5,1,2]",0.05671,0.0363,0.05223,0.00345,0.13957,1
"alpha[12,5,1,2]",0.14288,0.05893,0.14153,0.02923,0.26377,1
"alpha[1,1,2,2]",0.05377,0.05417,0.03323,0.00108,0.19454,1
"alpha[2,1,2,2]",0.07826,0.09376,0.02452,0.00058,0.29044,1
"alpha[3,1,2,2]",0.06666,0.08132,0.0241,0.00066,0.26581,1
"alpha[4,1,2,2]",0.05695,0.05226,0.04282,0.00168,0.19375,1
"alpha[5,1,2,2]",0.41185,0.29322,0.53601,0.00196,0.79665,1
"alpha[6,1,2,2]",0.16738,0.21022,0.03214,0.00082,0.56573,1
"alpha[7,1,2,2]",0.06315,0.07574,0.03379,0.00087,0.27724,1
"alpha[8,1,2,2]",0.04523,0.04368,0.03265,0.00129,0.16198,1
"alpha[9,1,2,2]",0.05674,0.06011,0.03593,0.00134,0.21687,1
"alpha[10,1,2,2]",0,0,0,0,0,0.5
"alpha[11,1,2,2]",0,0,0,0,0,0.5
"alpha[12,1,2,2]",0,0,0,0,0,0.5
"alpha[1,2,2,2]",0.05699,0.05152,0.04266,0.00157,0.18946,1
"alpha[2,2,2,2]",0.07671,0.09197,0.03296,0.00106,0.32047,1
"alpha[3,2,2,2]",0.08224,0.08436,0.05334,0.00174,0.3115,1
"alpha[4,2,2,2]",0.11012,0.08578,0.09076,0.00407,0.31867,1
"alpha[5,2,2,2]",0.07889,0.07229,0.05796,0.00239,0.2655,1
"alpha[6,2,2,2]",0.09524,0.09378,0.06271,0.00209,0.34759,1
"alpha[7,2,2,2]",0.07323,0.08104,0.04331,0.00127,0.29445,1
"alpha[8,2,2,2]",0.1066,0.10029,0.07189,0.00264,0.35963,1
"alpha[9,2,2,2]",0.06743,0.06604,0.04717,0.00183,0.24585,1
"alpha[10,2,2,2]",0.06148,0.06067,0.04244,0.00156,0.22697,1
"alpha[11,2,2,2]",0.12382,0.15765,0.02889,0.00071,0.47205,1
"alpha[12,2,2,2]",0.06726,0.0664,0.045,0.00135,0.23846,1
"alpha[1,3,2,2]",0.13496,0.17357,0.02469,0.00062,0.49274,1
"alpha[2,3,2,2]",0.05253,0.04602,0.03978,0.00156,0.16912,1
"alpha[3,3,2,2]",0.09437,0.09421,0.06109,0.00155,0.33239,1
"alpha[4,3,2,2]",0.04535,0.04189,0.03352,0.00135,0.15683,1
"alpha[5,3,2,2]",0.04899,0.0448,0.03623,0.00149,0.16942,1
"alpha[6,3,2,2]",0.04335,0.04461,0.02726,0.00088,0.16534,1
"alpha[7,3,2,2]",0.35085,0.25995,0.4331,0.00127,0.73648,1
"alpha[8,3,2,2]",0.04925,0.04901,0.03203,0.00112,0.17641,1
"alpha[9,3,2,2]",0.07459,0.1074,0.0211,0.00063,0.38622,1
"alpha[10,3,2,2]",0.02861,0.03103,0.01867,0.00066,0.11386,1
"alpha[11,3,2,2]",0.05597,0.07299,0.01229,0.00031,0.2249,1
"alpha[12,3,2,2]",0.02118,0.02251,0.01366,0.00048,0.08642,1
"alpha[1,4,2,2]",0.15714,0.1256,0.13097,0.00328,0.42231,1
"alpha[2,4,2,2]",0.08177,0.08175,0.05214,0.00171,0.29305,1
"alpha[3,4,2,2]",0.03783,0.03612,0.0276,0.00113,0.13079,1
"alpha[4,4,2,2]",0.05406,0.0706,0.02866,0.00092,0.26983,1
"alpha[5,4,2,2]",0.05394,0.07693,0.0241,0.00079,0.30234,1
"alpha[6,4,2,2]",0.05915,0.06929,0.03267,0.00103,0.26042,1
"alpha[7,4,2,2]",0.2877,0.22528,0.29698,0.00161,0.67351,1
"alpha[8,4,2,2]",0.04367,0.04252,0.02992,0.00108,0.15628,1
"alpha[9,4,2,2]",0.08941,0.13704,0.01709,5e-04,0.48357,1
"alpha[10,4,2,2]",0.04645,0.04229,0.03428,0.00136,0.15842,1
"alpha[11,4,2,2]",0.06942,0.09772,0.00949,0.00025,0.30556,1
"alpha[12,4,2,2]",0.01946,0.02053,0.01256,0.00045,0.07603,1
"alpha[1,5,2,2]",0.13933,0.13181,0.09261,0.0024,0.45304,1
"alpha[2,5,2,2]",0.06652,0.06197,0.04746,0.00203,0.23454,1
"alpha[3,5,2,2]",0.12719,0.12885,0.07917,0.00176,0.45331,1
"alpha[4,5,2,2]",0.09659,0.09473,0.06644,0.00222,0.35212,1
"alpha[5,5,2,2]",0.14559,0.19336,0.02818,0.00068,0.57313,1
"alpha[6,5,2,2]",0.08095,0.07639,0.05705,0.00195,0.28041,1
"alpha[7,5,2,2]",0.04051,0.04538,0.02676,0.001,0.16515,1
"alpha[8,5,2,2]",0.05075,0.05913,0.02983,0.0011,0.21861,1
"alpha[9,5,2,2]",0.09597,0.13341,0.03568,0.00099,0.49529,1
"alpha[10,5,2,2]",0.07801,0.07388,0.05449,0.00206,0.27516,1
"alpha[11,5,2,2]",0.04748,0.04673,0.03098,0.00079,0.16571,1
"alpha[12,5,2,2]",0.03112,0.03237,0.02038,0.00073,0.12571,1
"cum.weight[1,1,1]",0,0,0,0,0,0.5
"cum.weight[2,1,1]",0,0,0,0,0,0.5
"cum.weight[3,1,1]",0,0,0,0,0,0.5
"cum.weight[4,1,1]",0.02654,0.02275,0.02073,0.00075,0.08373,1
"cum.weight[5,1,1]",0.0568,0.03213,0.05211,0.009,0.13118,1
"cum.weight[6,1,1]",0.08094,0.03475,0.07793,0.0226,0.15621,1
"cum.weight[7,1,1]",0.10893,0.0404,0.10625,0.03911,0.19585,1
"cum.weight[8,1,1]",0.1372,0.04623,0.1338,0.0566,0.23824,1
"cum.weight[9,1,1]",0.1647,0.05099,0.16138,0.07601,0.27514,1
"cum.weight[10,1,1]",0.19395,0.0564,0.1902,0.09467,0.31406,1
"cum.weight[11,1,1]",0.22292,0.0607,0.21956,0.1152,0.35205,1
"cum.weight[12,1,1]",0.25302,0.06391,0.24956,0.13827,0.38602,1
"cum.weight[13,1,1]",0.28205,0.06598,0.27959,0.1617,0.41728,1
"cum.weight[14,1,1]",0.31182,0.06511,0.31089,0.18856,0.43996,1
"cum.weight[15,1,1]",0.34112,0.06424,0.34014,0.2177,0.46631,1
"cum.weight[16,1,1]",0.36766,0.06992,0.36713,0.2338,0.5049,1
"cum.weight[17,1,1]",0.39488,0.06755,0.39508,0.26268,0.52593,1
"cum.weight[18,1,1]",0.41902,0.07087,0.41908,0.28007,0.55696,1
"cum.weight[19,1,1]",0.44536,0.06825,0.44541,0.31023,0.57625,1
"cum.weight[20,1,1]",0.47312,0.06689,0.47401,0.34056,0.60113,1
"cum.weight[21,1,1]",0.50229,0.06635,0.50324,0.37092,0.62929,1
"cum.weight[22,1,1]",0.53144,0.06575,0.53238,0.39807,0.65415,1
"cum.weight[23,1,1]",0.56172,0.06478,0.56376,0.42871,0.68197,1
"cum.weight[24,1,1]",0.59173,0.06293,0.59395,0.46279,0.70581,1
"cum.weight[25,1,1]",0.60677,0.05927,0.6088,0.48597,0.71564,1
"cum.weight[26,1,1]",0.62166,0.05952,0.62442,0.49862,0.72866,1
"cum.weight[27,1,1]",0.63631,0.06082,0.63951,0.51008,0.7445,1
"cum.weight[28,1,1]",0.64986,0.05716,0.65311,0.5314,0.75215,1
"cum.weight[29,1,1]",0.66346,0.05676,0.66692,0.54485,0.76397,1
"cum.weight[30,1,1]",0.67786,0.05391,0.68121,0.5644,0.77301,1
"cum.weight[31,1,1]",0.69103,0.05467,0.69432,0.57466,0.78779,1
"cum.weight[32,1,1]",0.70594,0.05274,0.70902,0.59397,0.79897,1
"cum.weight[33,1,1]",0.72055,0.05111,0.72324,0.61203,0.81048,1
"cum.weight[34,1,1]",0.73586,0.04935,0.73858,0.62932,0.82187,1
"cum.weight[35,1,1]",0.75035,0.04788,0.7534,0.64751,0.834,1
"cum.weight[36,1,1]",0.76604,0.04547,0.76899,0.66845,0.84619,1
"cum.weight[37,1,1]",0.77607,0.04361,0.7792,0.68177,0.85257,1
"cum.weight[38,1,1]",0.78599,0.04466,0.78984,0.68989,0.86282,1
"cum.weight[39,1,1]",0.79582,0.04175,0.79931,0.7065,0.86821,1
"cum.weight[40,1,1]",0.80485,0.03981,0.80815,0.71795,0.87359,1
"cum.weight[41,1,1]",0.81393,0.04023,0.81703,0.72586,0.88341,1
"cum.weight[42,1,1]",0.82352,0.03988,0.82718,0.73573,0.89206,1
"cum.weight[43,1,1]",0.83337,0.03646,0.83619,0.75452,0.89731,1
"cum.weight[44,1,1]",0.8432,0.03492,0.84568,0.76743,0.90447,1
"cum.weight[45,1,1]",0.85283,0.03356,0.85513,0.78037,0.91227,1
"cum.weight[46,1,1]",0.86297,0.03211,0.86518,0.79431,0.91926,1
"cum.weight[47,1,1]",0.87325,0.03066,0.87568,0.80696,0.92684,1
"cum.weight[48,1,1]",0.88322,0.02907,0.8855,0.82047,0.93382,1
"cum.weight[49,1,1]",0.89325,0.02835,0.89583,0.83118,0.94179,1
"cum.weight[50,1,1]",0.90293,0.02786,0.90542,0.84084,0.95015,1
"cum.weight[51,1,1]",0.91276,0.0264,0.9153,0.85406,0.95683,1
"cum.weight[52,1,1]",0.92179,0.02559,0.92439,0.8645,0.96357,1
"cum.weight[53,1,1]",0.93064,0.02564,0.93368,0.87256,0.97162,1
"cum.weight[54,1,1]",0.94072,0.0242,0.94413,0.88487,0.97849,1
"cum.weight[55,1,1]",0.95057,0.02214,0.95375,0.89908,0.98409,1
"cum.weight[56,1,1]",0.9599,0.02058,0.96356,0.91133,0.98928,1
"cum.weight[57,1,1]",0.97013,0.01769,0.97361,0.92663,0.99393,1
"cum.weight[58,1,1]",0.97985,0.01455,0.98332,0.94281,0.99755,1
"cum.weight[59,1,1]",0.99004,0.01003,0.99312,0.96265,0.99976,1
"cum.weight[60,1,1]",1,0,1,1,1,1
"cum.weight[1,2,1]",0,0,0,0,0,0.5
"cum.weight[2,2,1]",0,0,0,0,0,0.5
"cum.weight[3,2,1]",0,0,0,0,0,0.5
"cum.weight[4,2,1]",0.028,0.02391,0.02167,8e-04,0.08777,1
"cum.weight[5,2,1]",0.05512,0.03248,0.04986,0.00821,0.13127,1
"cum.weight[6,2,1]",0.07901,0.03466,0.07594,0.02131,0.15322,1
"cum.weight[7,2,1]",0.10678,0.03934,0.10458,0.03753,0.18997,1
"cum.weight[8,2,1]",0.1371,0.04479,0.13441,0.05753,0.23205,1
"cum.weight[9,2,1]",0.16641,0.05037,0.16372,0.07647,0.27461,1
"cum.weight[10,2,1]",0.19398,0.05523,0.19073,0.09566,0.31168,1
"cum.weight[11,2,1]",0.22238,0.06006,0.21894,0.11567,0.34916,1
"cum.weight[12,2,1]",0.25069,0.06299,0.24765,0.13565,0.38352,1
"cum.weight[13,2,1]",0.2779,0.06525,0.27483,0.15876,0.41176,1
"cum.weight[14,2,1]",0.30629,0.06428,0.30331,0.18658,0.43608,1
"cum.weight[15,2,1]",0.33552,0.06405,0.3341,0.21521,0.46262,1
"cum.weight[16,2,1]",0.36352,0.06939,0.36263,0.23214,0.50159,1
"cum.weight[17,2,1]",0.39164,0.06692,0.39185,0.26178,0.52137,1
"cum.weight[18,2,1]",0.41553,0.07019,0.41654,0.27742,0.55073,1
"cum.weight[19,2,1]",0.44464,0.06561,0.44561,0.31496,0.57213,1
"cum.weight[20,2,1]",0.47435,0.06388,0.47522,0.3472,0.59779,1
"cum.weight[21,2,1]",0.5044,0.06258,0.5048,0.38023,0.62477,1
"cum.weight[22,2,1]",0.53174,0.06243,0.53275,0.40695,0.65128,1
"cum.weight[23,2,1]",0.55905,0.06254,0.56079,0.43266,0.67636,1
"cum.weight[24,2,1]",0.589,0.06112,0.5914,0.46282,0.70299,1
"cum.weight[25,2,1]",0.60399,0.05843,0.60641,0.48212,0.71162,1
"cum.weight[26,2,1]",0.61819,0.05865,0.62096,0.49605,0.72568,1
"cum.weight[27,2,1]",0.63281,0.05996,0.63563,0.50743,0.74139,1
"cum.weight[28,2,1]",0.64777,0.05556,0.64968,0.53305,0.74948,1
"cum.weight[29,2,1]",0.66183,0.05545,0.66466,0.54522,0.76185,1
"cum.weight[30,2,1]",0.67613,0.05222,0.67874,0.56807,0.76996,1
"cum.weight[31,2,1]",0.69068,0.05239,0.69353,0.58105,0.78521,1
"cum.weight[32,2,1]",0.70554,0.05056,0.70845,0.59886,0.79624,1
"cum.weight[33,2,1]",0.72068,0.04857,0.72362,0.61835,0.80738,1
"cum.weight[34,2,1]",0.735,0.04717,0.73754,0.63558,0.81992,1
"cum.weight[35,2,1]",0.75004,0.04594,0.75241,0.65222,0.83214,1
"cum.weight[36,2,1]",0.76505,0.04445,0.76746,0.67044,0.84447,1
"cum.weight[37,2,1]",0.77504,0.04291,0.77769,0.68236,0.85043,1
"cum.weight[38,2,1]",0.78451,0.04372,0.78749,0.69102,0.86121,1
"cum.weight[39,2,1]",0.79482,0.04075,0.7974,0.70623,0.86715,1
"cum.weight[40,2,1]",0.80479,0.03841,0.80754,0.72215,0.87299,1
"cum.weight[41,2,1]",0.81417,0.03917,0.81671,0.72899,0.88418,1
"cum.weight[42,2,1]",0.8237,0.03837,0.82629,0.74094,0.89073,1
"cum.weight[43,2,1]",0.83318,0.0354,0.83538,0.75686,0.89615,1
"cum.weight[44,2,1]",0.84336,0.03379,0.84554,0.77153,0.90338,1
"cum.weight[45,2,1]",0.85372,0.03238,0.8557,0.78524,0.91138,1
"cum.weight[46,2,1]",0.86332,0.03118,0.86492,0.7977,0.91836,1
"cum.weight[47,2,1]",0.8733,0.02979,0.87498,0.81006,0.92651,1
"cum.weight[48,2,1]",0.8836,0.02832,0.88547,0.82323,0.93382,1
"cum.weight[49,2,1]",0.8936,0.02771,0.89576,0.83368,0.94149,1
"cum.weight[50,2,1]",0.90267,0.02718,0.90509,0.84279,0.94861,1
"cum.weight[51,2,1]",0.91298,0.02583,0.91535,0.85566,0.95675,1
"cum.weight[52,2,1]",0.92296,0.02488,0.92559,0.8671,0.96419,1
"cum.weight[53,2,1]",0.93229,0.02489,0.93534,0.87572,0.97196,1
"cum.weight[54,2,1]",0.94133,0.02375,0.94461,0.88596,0.97828,1
"cum.weight[55,2,1]",0.95081,0.02205,0.95423,0.89934,0.98374,1
"cum.weight[56,2,1]",0.96006,0.02033,0.96351,0.91068,0.98922,1
"cum.weight[57,2,1]",0.97031,0.01724,0.97362,0.92779,0.99377,1
"cum.weight[58,2,1]",0.98018,0.01411,0.9834,0.94489,0.99755,1
"cum.weight[59,2,1]",0.99008,0.00982,0.99313,0.9639,0.99972,1
"cum.weight[60,2,1]",1,0,1,1,1,1
"cum.weight[1,1,2]",0,0,0,0,0,0.5
"cum.weight[2,1,2]",0,0,0,0,0,0.5
"cum.weight[3,1,2]",0,0,0,0,0,0.5
"cum.weight[4,1,2]",0.04009,0.01344,0.03912,0.01555,0.06844,1
"cum.weight[5,1,2]",0.05409,0.01437,0.05368,0.02723,0.08393,1
"cum.weight[6,1,2]",0.07934,0.01312,0.07939,0.05294,0.10453,1
"cum.weight[7,1,2]",0.0856,0.01398,0.08557,0.05763,0.11299,1
"cum.weight[8,1,2]",0.1051,0.01945,0.10424,0.06938,0.14629,1
"cum.weight[9,1,2]",0.12448,0.0231,0.12386,0.08126,0.17137,1
"cum.weight[10,1,2]",0.14384,0.02771,0.14234,0.09437,0.20225,1
"cum.weight[11,1,2]",0.20504,0.03922,0.20398,0.13235,0.28403,1
"cum.weight[12,1,2]",0.21889,0.04016,0.21786,0.14454,0.2999,1
"cum.weight[13,1,2]",0.25226,0.04287,0.25215,0.16974,0.33759,1
"cum.weight[14,1,2]",0.25918,0.0431,0.25909,0.17591,0.34526,1
"cum.weight[15,1,2]",0.2656,0.04333,0.26534,0.18163,0.35215,1
"cum.weight[16,1,2]",0.30569,0.04339,0.30522,0.22238,0.39258,1
"cum.weight[17,1,2]",0.30905,0.04338,0.30884,0.22554,0.39561,1
"cum.weight[18,1,2]",0.3343,0.04634,0.33465,0.24408,0.42532,1
"cum.weight[19,1,2]",0.35063,0.04722,0.3508,0.25978,0.44445,1
"cum.weight[20,1,2]",0.37545,0.04697,0.37462,0.28585,0.46894,1
"cum.weight[21,1,2]",0.39156,0.04626,0.39046,0.30481,0.48448,1
"cum.weight[22,1,2]",0.40666,0.04686,0.40586,0.31771,0.5006,1
"cum.weight[23,1,2]",0.4608,0.04775,0.46093,0.36638,0.55338,1
"cum.weight[24,1,2]",0.47443,0.04793,0.47435,0.38055,0.5681,1
"cum.weight[25,1,2]",0.51661,0.04235,0.51747,0.43075,0.59555,1
"cum.weight[26,1,2]",0.52007,0.04245,0.52118,0.43346,0.59904,1
"cum.weight[27,1,2]",0.52328,0.04266,0.52434,0.43674,0.60282,1
"cum.weight[28,1,2]",0.57026,0.04387,0.57094,0.48246,0.65422,1
"cum.weight[29,1,2]",0.57194,0.04378,0.57262,0.48468,0.65555,1
"cum.weight[30,1,2]",0.57768,0.04341,0.57843,0.49013,0.65993,1
"cum.weight[31,1,2]",0.58584,0.04384,0.58676,0.49677,0.66875,1
"cum.weight[32,1,2]",0.59033,0.04372,0.59112,0.50179,0.67261,1
"cum.weight[33,1,2]",0.6052,0.04427,0.60558,0.5164,0.68822,1
"cum.weight[34,1,2]",0.61454,0.04387,0.61494,0.52692,0.69696,1
"cum.weight[35,1,2]",0.62965,0.04213,0.63065,0.54466,0.70899,1
"cum.weight[36,1,2]",0.63762,0.04122,0.63883,0.55408,0.71509,1
"cum.weight[37,1,2]",0.66575,0.039,0.66793,0.58374,0.73576,1
"cum.weight[38,1,2]",0.66805,0.03904,0.6703,0.58612,0.73811,1
"cum.weight[39,1,2]",0.67523,0.03732,0.6775,0.59715,0.74265,1
"cum.weight[40,1,2]",0.70655,0.04152,0.70808,0.62065,0.78344,1
"cum.weight[41,1,2]",0.70767,0.04141,0.70925,0.62207,0.78439,1
"cum.weight[42,1,2]",0.7115,0.04132,0.71342,0.62561,0.78753,1
"cum.weight[43,1,2]",0.74571,0.03513,0.74752,0.67068,0.80868,1
"cum.weight[44,1,2]",0.75846,0.03686,0.75991,0.68161,0.82512,1
"cum.weight[45,1,2]",0.7699,0.03481,0.77159,0.69619,0.8328,1
"cum.weight[46,1,2]",0.77966,0.03339,0.78099,0.70906,0.83968,1
"cum.weight[47,1,2]",0.7872,0.03288,0.78847,0.71828,0.84589,1
"cum.weight[48,1,2]",0.80248,0.03087,0.80384,0.73662,0.85831,1
"cum.weight[49,1,2]",0.8306,0.02985,0.83336,0.76435,0.88084,1
"cum.weight[50,1,2]",0.84172,0.02936,0.84469,0.77547,0.89101,1
"cum.weight[51,1,2]",0.8489,0.028,0.85154,0.78722,0.89604,1
"cum.weight[52,1,2]",0.88022,0.03405,0.88191,0.80846,0.93886,1
"cum.weight[53,1,2]",0.89358,0.03594,0.89485,0.81958,0.95579,1
"cum.weight[54,1,2]",0.89825,0.03548,0.89957,0.82526,0.95961,1
"cum.weight[55,1,2]",0.93246,0.03027,0.93491,0.86706,0.98131,1
"cum.weight[56,1,2]",0.93455,0.03016,0.93691,0.86954,0.98314,1
"cum.weight[57,1,2]",0.96892,0.01836,0.97246,0.92365,0.99404,1
"cum.weight[58,1,2]",0.97467,0.01745,0.97851,0.9303,0.99694,1
"cum.weight[59,1,2]",0.99004,0.00954,0.99282,0.96438,0.99974,1
"cum.weight[60,1,2]",1,0,1,1,1,1
"cum.weight[1,2,2]",0,0,0,0,0,0.5
"cum.weight[2,2,2]",0,0,0,0,0,0.5
"cum.weight[3,2,2]",0,0,0,0,0,0.5
"cum.weight[4,2,2]",0.01405,0.01398,0.00966,0.00037,0.05175,1
"cum.weight[5,2,2]",0.02579,0.01798,0.02146,0.00336,0.07232,1
"cum.weight[6,2,2]",0.04151,0.02742,0.03442,0.00715,0.10848,1
"cum.weight[7,2,2]",0.09421,0.06363,0.07279,0.01615,0.22664,1
"cum.weight[8,2,2]",0.19713,0.05362,0.19745,0.0866,0.30392,1
"cum.weight[9,2,2]",0.21233,0.05398,0.21326,0.09994,0.31716,1
"cum.weight[10,2,2]",0.23235,0.05621,0.23404,0.11856,0.33512,1
"cum.weight[11,2,2]",0.25615,0.07008,0.25154,0.12637,0.39812,1
"cum.weight[12,2,2]",0.2697,0.06877,0.26649,0.14131,0.40881,1
"cum.weight[13,2,2]",0.28371,0.0653,0.28144,0.16124,0.41416,1
"cum.weight[14,2,2]",0.30893,0.08116,0.2999,0.16588,0.46697,1
"cum.weight[15,2,2]",0.32167,0.07956,0.31437,0.181,0.47614,1
"cum.weight[16,2,2]",0.33572,0.07814,0.3304,0.19203,0.48516,1
"cum.weight[17,2,2]",0.35885,0.07182,0.35712,0.22252,0.49557,1
"cum.weight[18,2,2]",0.37457,0.07205,0.37498,0.23439,0.51081,1
"cum.weight[19,2,2]",0.39523,0.07152,0.39781,0.24997,0.52418,1
"cum.weight[20,2,2]",0.41211,0.07303,0.41326,0.26207,0.54031,1
"cum.weight[21,2,2]",0.43549,0.0719,0.43791,0.28928,0.5625,1
"cum.weight[22,2,2]",0.45241,0.06659,0.45521,0.31542,0.56957,1
"cum.weight[23,2,2]",0.46797,0.07129,0.46837,0.32421,0.59549,1
"cum.weight[24,2,2]",0.47968,0.07066,0.48012,0.33834,0.60586,1
"cum.weight[25,2,2]",0.48451,0.06996,0.48427,0.34379,0.60923,1
"cum.weight[26,2,2]",0.49711,0.07747,0.49413,0.34687,0.63989,1
"cum.weight[27,2,2]",0.50349,0.07703,0.50076,0.35345,0.64519,1
"cum.weight[28,2,2]",0.52134,0.08521,0.51925,0.35711,0.66472,1
"cum.weight[29,2,2]",0.53291,0.08278,0.53603,0.36696,0.67124,1
"cum.weight[30,2,2]",0.6186,0.0549,0.62242,0.50226,0.71382,1
"cum.weight[31,2,2]",0.62893,0.05887,0.63065,0.50814,0.73387,1
"cum.weight[32,2,2]",0.64047,0.05866,0.64383,0.51875,0.74245,1
"cum.weight[33,2,2]",0.65109,0.05845,0.65502,0.5283,0.75207,1
"cum.weight[34,2,2]",0.67303,0.05408,0.67458,0.56686,0.77203,1
"cum.weight[35,2,2]",0.68504,0.0526,0.68761,0.57989,0.78093,1
"cum.weight[36,2,2]",0.71519,0.05719,0.72236,0.58914,0.80693,1
"cum.weight[37,2,2]",0.71841,0.05656,0.72535,0.59248,0.80931,1
"cum.weight[38,2,2]",0.72681,0.06172,0.733,0.59393,0.82963,1
"cum.weight[39,2,2]",0.73488,0.0593,0.74056,0.60607,0.83352,1
"cum.weight[40,2,2]",0.74678,0.0659,0.75252,0.60871,0.84944,1
"cum.weight[41,2,2]",0.75449,0.06509,0.76412,0.61571,0.85278,1
"cum.weight[42,2,2]",0.81162,0.05768,0.81943,0.68985,0.90328,1
"cum.weight[43,2,2]",0.82041,0.05687,0.83121,0.69854,0.90745,1
"cum.weight[44,2,2]",0.82825,0.05709,0.8426,0.70523,0.91144,1
"cum.weight[45,2,2]",0.83635,0.05724,0.85381,0.71282,0.91561,1
"cum.weight[46,2,2]",0.84306,0.05536,0.85919,0.72203,0.92154,1
"cum.weight[47,2,2]",0.8591,0.0464,0.8668,0.75585,0.93107,1
"cum.weight[48,2,2]",0.8908,0.03407,0.88836,0.82555,0.9511,1
"cum.weight[49,2,2]",0.89401,0.03377,0.89207,0.82919,0.9532,1
"cum.weight[50,2,2]",0.89868,0.03387,0.8965,0.83483,0.95801,1
"cum.weight[51,2,2]",0.90675,0.03345,0.90468,0.84548,0.96455,1
"cum.weight[52,2,2]",0.91865,0.02925,0.91982,0.85517,0.96753,1
"cum.weight[53,2,2]",0.92334,0.02987,0.92366,0.85977,0.97348,1
"cum.weight[54,2,2]",0.92725,0.02999,0.92766,0.86381,0.9771,1
"cum.weight[55,2,2]",0.93604,0.02847,0.93758,0.87245,0.98229,1
"cum.weight[56,2,2]",0.9536,0.03308,0.96374,0.87457,0.99242,1
"cum.weight[57,2,2]",0.9636,0.02977,0.97389,0.89009,0.99563,1
"cum.weight[58,2,2]",0.97792,0.01817,0.9839,0.93032,0.99783,1
"cum.weight[59,2,2]",0.98516,0.01569,0.99127,0.94296,0.99972,1
"cum.weight[60,2,2]",1,0,1,1,1,1
"deviance",3555.65573,29.20247,3549.73892,3509.15224,3613.87129,1
"mu.a[1,1]",0.69,0.01414,0.68926,0.66491,0.71913,1
"mu.a[2,1]",-0.00111,0.00239,-0.00093,-0.00656,0.00311,0
"mu.a[3,1]",0.01043,0.01337,0.00969,-0.01479,0.03839,0
"mu.a[4,1]",-0.00191,0.00235,-0.00186,-0.00741,0.00242,0
"mu.a[5,1]",0.73457,0.03946,0.73595,0.65441,0.8089,1
"mu.a[6,1]",-0.30546,98.85177,-0.53288,-192.83777,194.29541,0
"mu.a[1,2]",0.67945,0.03876,0.67532,0.60392,0.77011,1
"mu.a[2,2]",0.02799,0.05823,-0.00042,-0.01007,0.18389,0
"mu.a[3,2]",8e-04,0.01069,0.00073,-0.01905,0.02173,0
"mu.a[4,2]",-0.00313,0.0117,-0.00387,-0.02534,0.01941,0
"mu.a[5,2]",0.70384,0.08497,0.70369,0.53653,0.87389,1
"mu.a[6,2]",1.02166,99.09087,0.19159,-190.69572,196.8261,0
"sig",0.3111,0.00268,0.31109,0.30585,0.31637,1
"sig.a[1,1]",0.00609,0.00479,0.00499,0.00032,0.01848,1
"sig.a[2,1]",0.00129,0.001,0.00104,9e-05,0.00387,1
"sig.a[3,1]",0.00585,0.00512,0.00444,0.00027,0.01894,1
"sig.a[4,1]",0.00125,0.00115,0.00094,1e-05,0.00426,1
"sig.a[5,1]",0.04546,0.03543,0.03766,0.00254,0.13229,1
"sig.a[6,1]",50.53775,28.89923,50.93386,2.41156,97.48027,1
"sig.a[1,2]",0.01046,0.00834,0.00856,0.00041,0.0319,1
"sig.a[2,2]",0.08377,0.12078,0.00333,0.00023,0.34229,1
"sig.a[3,2]",0.00724,0.0078,0.00399,0.00016,0.02757,1
"sig.a[4,2]",0.02833,0.0081,0.02709,0.01616,0.04767,1
"sig.a[5,2]",0.28085,0.06772,0.26923,0.18133,0.44401,1
"sig.a[6,2]",49.92388,29.08418,50.21256,2.28818,97.43644,1
"weight[1,1,1,1]",0.0301,0.02817,0.02172,0.00087,0.10446,1
"weight[2,1,1,1]",0.02897,0.0275,0.02064,0.00078,0.10197,1
"weight[3,1,1,1]",0.02925,0.02784,0.02104,0.00074,0.10183,1
"weight[4,1,1,1]",0.0275,0.02643,0.01952,0.00069,0.09809,1
"weight[5,1,1,1]",0.02828,0.0264,0.02062,0.00081,0.09939,1
"weight[6,1,1,1]",0.02799,0.02551,0.02079,0.00079,0.09405,1
"weight[7,1,1,1]",0.02414,0.02019,0.01934,0.00086,0.07464,1
"weight[8,1,1,1]",0.03026,0.02503,0.02417,0.00099,0.09292,1
"weight[9,1,1,1]",0.02654,0.02275,0.02073,0.00075,0.08373,1
"weight[10,1,1,1]",0,0,0,0,0,0.5
"weight[11,1,1,1]",0,0,0,0,0,0.5
"weight[12,1,1,1]",0,0,0,0,0,0.5
"weight[1,2,1,1]",0.03,0.02869,0.0213,0.00072,0.1071,1
"weight[2,2,1,1]",0.03028,0.0286,0.02204,8e-04,0.10582,1
"weight[3,2,1,1]",0.02915,0.02776,0.02077,0.00078,0.10238,1
"weight[4,2,1,1]",0.02917,0.02709,0.02131,0.00081,0.10068,1
"weight[5,2,1,1]",0.02776,0.02621,0.02016,0.00075,0.09813,1
"weight[6,2,1,1]",0.02634,0.0236,0.01971,0.00076,0.08787,1
"weight[7,2,1,1]",0.02414,0.02019,0.01934,0.00086,0.07464,1
"weight[8,2,1,1]",0.02722,0.02221,0.02179,0.00098,0.08121,1
"weight[9,2,1,1]",0.02654,0.02275,0.02073,0.00075,0.08373,1
"weight[10,2,1,1]",0.0293,0.02743,0.02147,0.00079,0.10202,1
"weight[11,2,1,1]",0.02977,0.0274,0.02198,0.00086,0.10158,1
"weight[12,2,1,1]",0.02902,0.02727,0.02084,0.00085,0.10278,1
"weight[1,3,1,1]",0.01569,0.01579,0.0108,0.00038,0.05823,1
"weight[2,3,1,1]",0.01449,0.0143,0.01012,0.00038,0.05232,1
"weight[3,3,1,1]",0.01531,0.015,0.01076,0.00038,0.05484,1
"weight[4,3,1,1]",0.01461,0.01447,0.01016,0.00037,0.05259,1
"weight[5,3,1,1]",0.01491,0.01479,0.01041,4e-04,0.05455,1
"weight[6,3,1,1]",0.01317,0.0118,0.00986,0.00038,0.04393,1
"weight[7,3,1,1]",0.01439,0.01346,0.01049,4e-04,0.0495,1
"weight[8,3,1,1]",0.01361,0.0111,0.01089,0.00049,0.0406,1
"weight[9,3,1,1]",0.01355,0.01296,0.00964,0.00037,0.04782,1
"weight[10,3,1,1]",0.01465,0.01371,0.01074,4e-04,0.05101,1
"weight[11,3,1,1]",0.01488,0.0137,0.01099,0.00043,0.05079,1
"weight[12,3,1,1]",0.01505,0.01389,0.01111,0.00039,0.05153,1
"weight[1,4,1,1]",0.00997,0.0102,0.00677,0.00024,0.03711,1
"weight[2,4,1,1]",0.01029,0.01028,0.00727,0.00026,0.03735,1
"weight[3,4,1,1]",0.01014,0.00987,0.00714,0.00029,0.03652,1
"weight[4,4,1,1]",0.00963,0.00977,0.00661,0.00024,0.03597,1
"weight[5,4,1,1]",0.00983,0.00993,0.00674,0.00023,0.03658,1
"weight[6,4,1,1]",0.00985,0.00942,0.00706,0.00027,0.03485,1
"weight[7,4,1,1]",0.00959,0.00897,0.00699,0.00027,0.033,1
"weight[8,4,1,1]",0.00907,0.0074,0.00726,0.00033,0.02707,1
"weight[9,4,1,1]",0.00903,0.00864,0.00643,0.00024,0.03188,1
"weight[10,4,1,1]",0.00983,0.0096,0.00698,0.00028,0.03465,1
"weight[11,4,1,1]",0.00992,0.00913,0.00733,0.00029,0.03386,1
"weight[12,4,1,1]",0.01003,0.00926,0.0074,0.00026,0.03435,1
"weight[1,5,1,1]",0.00996,0.01003,0.00688,0.00024,0.03735,1
"weight[2,5,1,1]",0.01019,0.01037,0.00698,0.00027,0.03752,1
"weight[3,5,1,1]",0.00971,0.00977,0.00674,0.00025,0.03597,1
"weight[4,5,1,1]",0.01023,0.01009,0.00714,0.00028,0.03765,1
"weight[5,5,1,1]",0.00933,0.0085,0.00693,0.00026,0.03135,1
"weight[6,5,1,1]",0.00985,0.00942,0.00706,0.00027,0.03485,1
"weight[7,5,1,1]",0.01009,0.00834,0.00806,0.00033,0.03097,1
"weight[8,5,1,1]",0.00885,0.00758,0.00691,0.00025,0.02791,1
"weight[9,5,1,1]",0.00903,0.00864,0.00643,0.00024,0.03188,1
"weight[10,5,1,1]",0.00983,0.0096,0.00698,0.00028,0.03465,1
"weight[11,5,1,1]",0.00967,0.00909,0.00695,0.00028,0.03426,1
"weight[12,5,1,1]",0.01003,0.00926,0.0074,0.00026,0.03435,1
"weight[1,1,2,1]",0.02831,0.02508,0.02141,0.00088,0.09338,1
"weight[2,1,2,1]",0.02841,0.02508,0.02152,0.00077,0.09442,1
"weight[3,1,2,1]",0.02757,0.02558,0.02042,0.00073,0.09356,1
"weight[4,1,2,1]",0.02931,0.02805,0.02095,0.00071,0.10399,1
"weight[5,1,2,1]",0.03032,0.02897,0.02155,0.00078,0.10637,1
"weight[6,1,2,1]",0.02776,0.02593,0.02025,0.00071,0.09534,1
"weight[7,1,2,1]",0.02389,0.02011,0.01887,0.00081,0.07399,1
"weight[8,1,2,1]",0.02712,0.02567,0.01942,0.00079,0.09506,1
"weight[9,1,2,1]",0.028,0.02391,0.02167,8e-04,0.08777,1
"weight[10,1,2,1]",0,0,0,0,0,0.5
"weight[11,1,2,1]",0,0,0,0,0,0.5
"weight[12,1,2,1]",0,0,0,0,0,0.5
"weight[1,2,2,1]",0.02996,0.02636,0.02252,0.00082,0.09677,1
"weight[2,2,2,1]",0.02731,0.0248,0.02004,0.00083,0.09065,1
"weight[3,2,2,1]",0.02734,0.02495,0.02022,0.00078,0.09321,1
"weight[4,2,2,1]",0.03005,0.02802,0.02157,0.00081,0.10472,1
"weight[5,2,2,1]",0.02971,0.02781,0.02134,0.00081,0.10348,1
"weight[6,2,2,1]",0.02911,0.02648,0.0215,0.00086,0.09844,1
"weight[7,2,2,1]",0.02389,0.02011,0.01887,0.00081,0.07399,1
"weight[8,2,2,1]",0.02812,0.02423,0.02161,0.00086,0.08732,1
"weight[9,2,2,1]",0.028,0.02391,0.02167,8e-04,0.08777,1
"weight[10,2,2,1]",0.02924,0.02769,0.02095,0.00076,0.10426,1
"weight[11,2,2,1]",0.02839,0.02448,0.02178,0.00089,0.0912,1
"weight[12,2,2,1]",0.02721,0.02381,0.02079,0.00085,0.08861,1
"weight[1,3,2,1]",0.01501,0.01429,0.01059,0.00044,0.05326,1
"weight[2,3,2,1]",0.01504,0.01456,0.01063,0.00043,0.05373,1
"weight[3,3,2,1]",0.01432,0.01435,0.0098,0.00035,0.05319,1
"weight[4,3,2,1]",0.01514,0.01498,0.01062,4e-04,0.05457,1
"weight[5,3,2,1]",0.01486,0.01473,0.01027,0.00038,0.05402,1
"weight[6,3,2,1]",0.01455,0.01324,0.01075,0.00043,0.04922,1
"weight[7,3,2,1]",0.0143,0.0138,0.0102,0.00033,0.05128,1
"weight[8,3,2,1]",0.01406,0.01211,0.0108,0.00043,0.04366,1
"weight[9,3,2,1]",0.01496,0.01441,0.01068,0.00038,0.05318,1
"weight[10,3,2,1]",0.01462,0.01384,0.01048,0.00038,0.05213,1
"weight[11,3,2,1]",0.01419,0.01224,0.01089,0.00044,0.0456,1
"weight[12,3,2,1]",0.01499,0.01296,0.01158,0.00044,0.04849,1
"weight[1,4,2,1]",0.0103,0.01006,0.00718,0.00025,0.037,1
"weight[2,4,2,1]",0.00999,0.01014,0.00671,0.00025,0.03684,1
"weight[3,4,2,1]",0.0096,0.00956,0.00672,0.00024,0.03434,1
"weight[4,4,2,1]",0.01035,0.01052,0.00709,0.00026,0.03906,1
"weight[5,4,2,1]",0.01018,0.01031,0.00698,0.00025,0.03717,1
"weight[6,4,2,1]",0.00948,0.00898,0.00681,0.00025,0.03322,1
"weight[7,4,2,1]",0.00954,0.0092,0.0068,0.00022,0.03418,1
"weight[8,4,2,1]",0.00937,0.00808,0.0072,0.00029,0.02911,1
"weight[9,4,2,1]",0.00997,0.00961,0.00712,0.00026,0.03546,1
"weight[10,4,2,1]",0.01031,0.00997,0.00737,0.00028,0.03719,1
"weight[11,4,2,1]",0.00946,0.00816,0.00726,3e-04,0.0304,1
"weight[12,4,2,1]",0.00999,0.00864,0.00772,0.00029,0.03233,1
"weight[1,5,2,1]",0.00992,0.00982,0.00687,0.00028,0.0361,1
"weight[2,5,2,1]",0.00989,0.01008,0.00678,0.00028,0.03654,1
"weight[3,5,2,1]",0.00987,0.00986,0.00681,0.00023,0.0368,1
"weight[4,5,2,1]",0.01025,0.01025,0.00708,0.00025,0.0381,1
"weight[5,5,2,1]",0.00925,0.00864,0.00675,0.00024,0.03178,1
"weight[6,5,2,1]",0.00948,0.00898,0.00681,0.00025,0.03322,1
"weight[7,5,2,1]",0.00904,0.00856,0.00647,0.00026,0.03169,1
"weight[8,5,2,1]",0.00933,0.00797,0.00722,0.00027,0.02926,1
"weight[9,5,2,1]",0.00997,0.00961,0.00712,0.00026,0.03546,1
"weight[10,5,2,1]",0.01031,0.00997,0.00737,0.00028,0.03719,1
"weight[11,5,2,1]",0.00907,0.00794,0.00693,0.00028,0.02954,1
"weight[12,5,2,1]",0.00999,0.00864,0.00772,0.00029,0.03233,1
"weight[1,1,1,2]",0.01385,0.01289,0.00997,0.00039,0.04794,1
"weight[2,1,1,2]",0.0612,0.0333,0.05882,0.00604,0.13221,1
"weight[3,1,1,2]",0.01936,0.01806,0.01402,0.00051,0.06724,1
"weight[4,1,1,2]",0.01939,0.01638,0.01522,0.00047,0.05894,1
"weight[5,1,1,2]",0.0195,0.01375,0.01719,0.00099,0.05225,1
"weight[6,1,1,2]",0.00626,0.00572,0.00462,0.00017,0.02098,1
"weight[7,1,1,2]",0.02525,0.01158,0.02713,0.00267,0.04438,1
"weight[8,1,1,2]",0.014,0.00851,0.01318,0.00078,0.03204,1
"weight[9,1,1,2]",0.04009,0.01344,0.03912,0.01555,0.06844,1
"weight[10,1,1,2]",0,0,0,0,0,0.5
"weight[11,1,1,2]",0,0,0,0,0,0.5
"weight[12,1,1,2]",0,0,0,0,0,0.5
"weight[1,2,1,2]",0.01362,0.01319,0.00956,0.00035,0.04987,1
"weight[2,2,1,2]",0.05414,0.03295,0.05149,0.00366,0.12479,1
"weight[3,2,1,2]",0.01511,0.0144,0.01058,4e-04,0.05382,1
"weight[4,2,1,2]",0.0161,0.0133,0.01273,0.00054,0.04935,1
"weight[5,2,1,2]",0.02483,0.01831,0.02095,0.00119,0.06795,1
"weight[6,2,1,2]",0.01633,0.01176,0.01415,0.00075,0.04434,1
"weight[7,2,1,2]",0.02525,0.01158,0.02713,0.00267,0.04438,1
"weight[8,2,1,2]",0.00337,0.00319,0.00244,1e-04,0.0118,1
"weight[9,2,1,2]",0.04009,0.01344,0.03912,0.01555,0.06844,1
"weight[10,2,1,2]",0.00642,0.00615,0.00462,0.00017,0.02289,1
"weight[11,2,1,2]",0.00691,0.00634,0.0051,0.00021,0.02378,1
"weight[12,2,1,2]",0.03337,0.02118,0.03092,0.00193,0.08068,1
"weight[1,3,1,2]",0.00797,0.00779,0.00561,0.00022,0.02854,1
"weight[2,3,1,2]",0.01511,0.01327,0.01164,0.00042,0.04932,1
"weight[3,3,1,2]",0.00934,0.00874,0.00676,0.00028,0.03224,1
"weight[4,3,1,2]",0.01487,0.01325,0.01114,0.00045,0.04945,1
"weight[5,3,1,2]",0.00448,0.00425,0.00322,0.00012,0.01587,1
"weight[6,3,1,2]",0.00816,0.00588,0.00708,0.00037,0.02217,1
"weight[7,3,1,2]",0.00574,0.00505,0.00432,0.00015,0.01863,1
"weight[8,3,1,2]",0.00168,0.0016,0.00122,5e-05,0.0059,1
"weight[9,3,1,2]",0.04698,0.01955,0.04405,0.01505,0.08822,1
"weight[10,3,1,2]",0.00321,0.00307,0.00231,9e-05,0.01145,1
"weight[11,3,1,2]",0.00346,0.00317,0.00255,1e-04,0.01189,1
"weight[12,3,1,2]",0.04218,0.01783,0.04173,0.0081,0.07804,1
"weight[1,4,1,2]",0.01528,0.01409,0.01107,0.00039,0.05256,1
"weight[2,4,1,2]",0.00754,0.00752,0.00536,0.00021,0.02765,1
"weight[3,4,1,2]",0.00975,0.00925,0.007,0.00025,0.03406,1
"weight[4,4,1,2]",0.01145,0.00984,0.00886,0.00036,0.03601,1
"weight[5,4,1,2]",0.01275,0.01193,0.00893,0.00035,0.04372,1
"weight[6,4,1,2]",0.03421,0.01304,0.03414,0.00975,0.05968,1
"weight[7,4,1,2]",0.00383,0.00337,0.00288,1e-04,0.01242,1
"weight[8,4,1,2]",0.00112,0.00106,0.00081,3e-05,0.00393,1
"weight[9,4,1,2]",0.03132,0.01303,0.02937,0.01003,0.05881,1
"weight[10,4,1,2]",0.00718,0.00644,0.00544,0.00024,0.02351,1
"weight[11,4,1,2]",0.0023,0.00211,0.0017,7e-05,0.00793,1
"weight[12,4,1,2]",0.02812,0.01189,0.02782,0.0054,0.05203,1
"weight[1,5,1,2]",0.00996,0.00954,0.00718,0.00026,0.03562,1
"weight[2,5,1,2]",0.01537,0.01474,0.01101,0.00038,0.05478,1
"weight[3,5,1,2]",0.00575,0.00568,0.00398,0.00014,0.02114,1
"weight[4,5,1,2]",0.03438,0.02254,0.03306,0.00121,0.08081,1
"weight[5,5,1,2]",0.00209,0.00191,0.00154,6e-05,0.00699,1
"weight[6,5,1,2]",0.03421,0.01304,0.03414,0.00975,0.05968,1
"weight[7,5,1,2]",0.00467,0.00284,0.00439,0.00026,0.01068,1
"weight[8,5,1,2]",0.01336,0.00448,0.01304,0.00518,0.02281,1
"weight[9,5,1,2]",0.03132,0.01303,0.02937,0.01003,0.05881,1
"weight[10,5,1,2]",0.00718,0.00644,0.00544,0.00024,0.02351,1
"weight[11,5,1,2]",0.01112,0.00706,0.01031,0.00064,0.02689,1
"weight[12,5,1,2]",0.02812,0.01189,0.02782,0.0054,0.05203,1
"weight[1,1,2,2]",0.01355,0.0133,0.0088,0.00029,0.04829,1
"weight[2,1,2,2]",0.0238,0.03084,0.00579,0.00014,0.09606,1
"weight[3,1,2,2]",0.02002,0.02595,0.00568,0.00016,0.0845,1
"weight[4,1,2,2]",0.0152,0.01429,0.01105,0.00042,0.05362,1
"weight[5,1,2,2]",0.10292,0.07915,0.11898,0.00059,0.24043,1
"weight[6,1,2,2]",0.0527,0.07131,0.00768,0.00019,0.20608,1
"weight[7,1,2,2]",0.01572,0.01857,0.00874,0.00025,0.06833,1
"weight[8,1,2,2]",0.01174,0.01135,0.00853,0.00034,0.04217,1
"weight[9,1,2,2]",0.01405,0.01398,0.00966,0.00037,0.05175,1
"weight[10,1,2,2]",0,0,0,0,0,0.5
"weight[11,1,2,2]",0,0,0,0,0,0.5
"weight[12,1,2,2]",0,0,0,0,0,0.5
"weight[1,2,2,2]",0.01172,0.01038,0.00881,0.00031,0.0388,1
"weight[2,2,2,2]",0.01555,0.01871,0.0069,0.00022,0.06618,1
"weight[3,2,2,2]",0.01692,0.01734,0.01102,0.00035,0.0635,1
"weight[4,2,2,2]",0.02339,0.01919,0.01882,0.00078,0.07172,1
"weight[5,2,2,2]",0.01688,0.01684,0.01178,0.00046,0.06057,1
"weight[6,2,2,2]",0.02066,0.02209,0.0125,4e-04,0.08295,1
"weight[7,2,2,2]",0.01572,0.01857,0.00874,0.00025,0.06833,1
"weight[8,2,2,2]",0.02312,0.02355,0.01447,0.00051,0.08627,1
"weight[9,2,2,2]",0.01405,0.01398,0.00966,0.00037,0.05175,1
"weight[10,2,2,2]",0.01275,0.01285,0.0088,3e-04,0.04803,1
"weight[11,2,2,2]",0.02521,0.03254,0.00575,0.00015,0.09892,1
"weight[12,2,2,2]",0.01401,0.01386,0.00931,0.00028,0.04979,1
"weight[1,3,2,2]",0.03015,0.03808,0.00577,0.00015,0.10437,1
"weight[2,3,2,2]",0.012,0.01017,0.00927,0.00037,0.03798,1
"weight[3,3,2,2]",0.02194,0.02183,0.01454,0.00035,0.07859,1
"weight[4,3,2,2]",0.01063,0.00997,0.00775,0.00031,0.03726,1
"weight[5,3,2,2]",0.01153,0.01091,0.00835,0.00034,0.04111,1
"weight[6,3,2,2]",0.01033,0.01104,0.00625,2e-04,0.04147,1
"weight[7,3,2,2]",0.0857,0.06877,0.09355,0.00028,0.20826,1
"weight[8,3,2,2]",0.01156,0.01178,0.00724,0.00026,0.04313,1
"weight[9,3,2,2]",0.01786,0.02791,0.00492,0.00015,0.10481,1
"weight[10,3,2,2]",0.00637,0.00642,0.0044,0.00015,0.02401,1
"weight[11,3,2,2]",0.01261,0.01627,0.00288,8e-05,0.04946,1
"weight[12,3,2,2]",0.00482,0.00496,0.00317,0.00011,0.01939,1
"weight[1,4,2,2]",0.0317,0.02921,0.02404,0.00038,0.09769,1
"weight[2,4,2,2]",0.01604,0.01809,0.00851,0.00022,0.06551,1
"weight[3,4,2,2]",0.00671,0.00704,0.00448,0.00018,0.02545,1
"weight[4,4,2,2]",0.0081,0.00964,0.005,0.00017,0.03591,1
"weight[5,4,2,2]",0.00785,0.01019,0.00429,0.00014,0.03922,1
"weight[6,4,2,2]",0.00879,0.00898,0.00585,0.00019,0.034,1
"weight[7,4,2,2]",0.05713,0.04584,0.06237,0.00019,0.13884,1
"weight[8,4,2,2]",0.00771,0.00785,0.00482,0.00017,0.02876,1
"weight[9,4,2,2]",0.0119,0.01861,0.00328,1e-04,0.06987,1
"weight[10,4,2,2]",0.00807,0.00775,0.00566,0.00022,0.02878,1
"weight[11,4,2,2]",0.0084,0.01085,0.00192,5e-05,0.03297,1
"weight[12,4,2,2]",0.00322,0.00331,0.00211,7e-05,0.01292,1
"weight[1,5,2,2]",0.01484,0.01569,0.00873,0.00028,0.05704,1
"weight[2,5,2,2]",0.00724,0.00743,0.00488,2e-04,0.02797,1
"weight[3,5,2,2]",0.01432,0.01795,0.00739,0.00021,0.06731,1
"weight[4,5,2,2]",0.00999,0.01009,0.00677,0.00024,0.03716,1
"weight[5,5,2,2]",0.01757,0.02377,0.00256,6e-05,0.06869,1
"weight[6,5,2,2]",0.00879,0.00898,0.00585,0.00019,0.034,1
"weight[7,5,2,2]",0.00391,0.00378,0.00284,0.00011,0.01406,1
"weight[8,5,2,2]",0.00468,0.00466,0.00322,0.00012,0.01725,1
"weight[9,5,2,2]",0.0119,0.01861,0.00328,1e-04,0.06987,1
"weight[10,5,2,2]",0.00807,0.00775,0.00566,0.00022,0.02878,1
"weight[11,5,2,2]",0.00467,0.00462,0.0031,9e-05,0.0166,1
"weight[12,5,2,2]",0.00322,0.00331,0.00211,7e-05,0.01292,1
"weightOrdered[1,1,1]",0,0,0,0,0,0.5
"weightOrdered[2,1,1]",0,0,0,0,0,0.5
"weightOrdered[3,1,1]",0,0,0,0,0,0.5
"weightOrdered[4,1,1]",0.02654,0.02275,0.02073,0.00075,0.08373,1
"weightOrdered[5,1,1]",0.03026,0.02503,0.02417,0.00099,0.09292,1
"weightOrdered[6,1,1]",0.02414,0.02019,0.01934,0.00086,0.07464,1
"weightOrdered[7,1,1]",0.02799,0.02551,0.02079,0.00079,0.09405,1
"weightOrdered[8,1,1]",0.02828,0.0264,0.02062,0.00081,0.09939,1
"weightOrdered[9,1,1]",0.0275,0.02643,0.01952,0.00069,0.09809,1
"weightOrdered[10,1,1]",0.02925,0.02784,0.02104,0.00074,0.10183,1
"weightOrdered[11,1,1]",0.02897,0.0275,0.02064,0.00078,0.10197,1
"weightOrdered[12,1,1]",0.0301,0.02817,0.02172,0.00087,0.10446,1
"weightOrdered[13,1,1]",0.02902,0.02727,0.02084,0.00085,0.10278,1
"weightOrdered[14,1,1]",0.02977,0.0274,0.02198,0.00086,0.10158,1
"weightOrdered[15,1,1]",0.0293,0.02743,0.02147,0.00079,0.10202,1
"weightOrdered[16,1,1]",0.02654,0.02275,0.02073,0.00075,0.08373,1
"weightOrdered[17,1,1]",0.02722,0.02221,0.02179,0.00098,0.08121,1
"weightOrdered[18,1,1]",0.02414,0.02019,0.01934,0.00086,0.07464,1
"weightOrdered[19,1,1]",0.02634,0.0236,0.01971,0.00076,0.08787,1
"weightOrdered[20,1,1]",0.02776,0.02621,0.02016,0.00075,0.09813,1
"weightOrdered[21,1,1]",0.02917,0.02709,0.02131,0.00081,0.10068,1
"weightOrdered[22,1,1]",0.02915,0.02776,0.02077,0.00078,0.10238,1
"weightOrdered[23,1,1]",0.03028,0.0286,0.02204,8e-04,0.10582,1
"weightOrdered[24,1,1]",0.03,0.02869,0.0213,0.00072,0.1071,1
"weightOrdered[25,1,1]",0.01505,0.01389,0.01111,0.00039,0.05153,1
"weightOrdered[26,1,1]",0.01488,0.0137,0.01099,0.00043,0.05079,1
"weightOrdered[27,1,1]",0.01465,0.01371,0.01074,4e-04,0.05101,1
"weightOrdered[28,1,1]",0.01355,0.01296,0.00964,0.00037,0.04782,1
"weightOrdered[29,1,1]",0.01361,0.0111,0.01089,0.00049,0.0406,1
"weightOrdered[30,1,1]",0.01439,0.01346,0.01049,4e-04,0.0495,1
"weightOrdered[31,1,1]",0.01317,0.0118,0.00986,0.00038,0.04393,1
"weightOrdered[32,1,1]",0.01491,0.01479,0.01041,4e-04,0.05455,1
"weightOrdered[33,1,1]",0.01461,0.01447,0.01016,0.00037,0.05259,1
"weightOrdered[34,1,1]",0.01531,0.015,0.01076,0.00038,0.05484,1
"weightOrdered[35,1,1]",0.01449,0.0143,0.01012,0.00038,0.05232,1
"weightOrdered[36,1,1]",0.01569,0.01579,0.0108,0.00038,0.05823,1
"weightOrdered[37,1,1]",0.01003,0.00926,0.0074,0.00026,0.03435,1
"weightOrdered[38,1,1]",0.00992,0.00913,0.00733,0.00029,0.03386,1
"weightOrdered[39,1,1]",0.00983,0.0096,0.00698,0.00028,0.03465,1
"weightOrdered[40,1,1]",0.00903,0.00864,0.00643,0.00024,0.03188,1
"weightOrdered[41,1,1]",0.00907,0.0074,0.00726,0.00033,0.02707,1
"weightOrdered[42,1,1]",0.00959,0.00897,0.00699,0.00027,0.033,1
"weightOrdered[43,1,1]",0.00985,0.00942,0.00706,0.00027,0.03485,1
"weightOrdered[44,1,1]",0.00983,0.00993,0.00674,0.00023,0.03658,1
"weightOrdered[45,1,1]",0.00963,0.00977,0.00661,0.00024,0.03597,1
"weightOrdered[46,1,1]",0.01014,0.00987,0.00714,0.00029,0.03652,1
"weightOrdered[47,1,1]",0.01029,0.01028,0.00727,0.00026,0.03735,1
"weightOrdered[48,1,1]",0.00997,0.0102,0.00677,0.00024,0.03711,1
"weightOrdered[49,1,1]",0.01003,0.00926,0.0074,0.00026,0.03435,1
"weightOrdered[50,1,1]",0.00967,0.00909,0.00695,0.00028,0.03426,1
"weightOrdered[51,1,1]",0.00983,0.0096,0.00698,0.00028,0.03465,1
"weightOrdered[52,1,1]",0.00903,0.00864,0.00643,0.00024,0.03188,1
"weightOrdered[53,1,1]",0.00885,0.00758,0.00691,0.00025,0.02791,1
"weightOrdered[54,1,1]",0.01009,0.00834,0.00806,0.00033,0.03097,1
"weightOrdered[55,1,1]",0.00985,0.00942,0.00706,0.00027,0.03485,1
"weightOrdered[56,1,1]",0.00933,0.0085,0.00693,0.00026,0.03135,1
"weightOrdered[57,1,1]",0.01023,0.01009,0.00714,0.00028,0.03765,1
"weightOrdered[58,1,1]",0.00971,0.00977,0.00674,0.00025,0.03597,1
"weightOrdered[59,1,1]",0.01019,0.01037,0.00698,0.00027,0.03752,1
"weightOrdered[60,1,1]",0.00996,0.01003,0.00688,0.00024,0.03735,1
"weightOrdered[1,2,1]",0,0,0,0,0,0.5
"weightOrdered[2,2,1]",0,0,0,0,0,0.5
"weightOrdered[3,2,1]",0,0,0,0,0,0.5
"weightOrdered[4,2,1]",0.028,0.02391,0.02167,8e-04,0.08777,1
"weightOrdered[5,2,1]",0.02712,0.02567,0.01942,0.00079,0.09506,1
"weightOrdered[6,2,1]",0.02389,0.02011,0.01887,0.00081,0.07399,1
"weightOrdered[7,2,1]",0.02776,0.02593,0.02025,0.00071,0.09534,1
"weightOrdered[8,2,1]",0.03032,0.02897,0.02155,0.00078,0.10637,1
"weightOrdered[9,2,1]",0.02931,0.02805,0.02095,0.00071,0.10399,1
"weightOrdered[10,2,1]",0.02757,0.02558,0.02042,0.00073,0.09356,1
"weightOrdered[11,2,1]",0.02841,0.02508,0.02152,0.00077,0.09442,1
"weightOrdered[12,2,1]",0.02831,0.02508,0.02141,0.00088,0.09338,1
"weightOrdered[13,2,1]",0.02721,0.02381,0.02079,0.00085,0.08861,1
"weightOrdered[14,2,1]",0.02839,0.02448,0.02178,0.00089,0.0912,1
"weightOrdered[15,2,1]",0.02924,0.02769,0.02095,0.00076,0.10426,1
"weightOrdered[16,2,1]",0.028,0.02391,0.02167,8e-04,0.08777,1
"weightOrdered[17,2,1]",0.02812,0.02423,0.02161,0.00086,0.08732,1
"weightOrdered[18,2,1]",0.02389,0.02011,0.01887,0.00081,0.07399,1
"weightOrdered[19,2,1]",0.02911,0.02648,0.0215,0.00086,0.09844,1
"weightOrdered[20,2,1]",0.02971,0.02781,0.02134,0.00081,0.10348,1
"weightOrdered[21,2,1]",0.03005,0.02802,0.02157,0.00081,0.10472,1
"weightOrdered[22,2,1]",0.02734,0.02495,0.02022,0.00078,0.09321,1
"weightOrdered[23,2,1]",0.02731,0.0248,0.02004,0.00083,0.09065,1
"weightOrdered[24,2,1]",0.02996,0.02636,0.02252,0.00082,0.09677,1
"weightOrdered[25,2,1]",0.01499,0.01296,0.01158,0.00044,0.04849,1
"weightOrdered[26,2,1]",0.01419,0.01224,0.01089,0.00044,0.0456,1
"weightOrdered[27,2,1]",0.01462,0.01384,0.01048,0.00038,0.05213,1
"weightOrdered[28,2,1]",0.01496,0.01441,0.01068,0.00038,0.05318,1
"weightOrdered[29,2,1]",0.01406,0.01211,0.0108,0.00043,0.04366,1
"weightOrdered[30,2,1]",0.0143,0.0138,0.0102,0.00033,0.05128,1
"weightOrdered[31,2,1]",0.01455,0.01324,0.01075,0.00043,0.04922,1
"weightOrdered[32,2,1]",0.01486,0.01473,0.01027,0.00038,0.05402,1
"weightOrdered[33,2,1]",0.01514,0.01498,0.01062,4e-04,0.05457,1
"weightOrdered[34,2,1]",0.01432,0.01435,0.0098,0.00035,0.05319,1
"weightOrdered[35,2,1]",0.01504,0.01456,0.01063,0.00043,0.05373,1
"weightOrdered[36,2,1]",0.01501,0.01429,0.01059,0.00044,0.05326,1
"weightOrdered[37,2,1]",0.00999,0.00864,0.00772,0.00029,0.03233,1
"weightOrdered[38,2,1]",0.00946,0.00816,0.00726,3e-04,0.0304,1
"weightOrdered[39,2,1]",0.01031,0.00997,0.00737,0.00028,0.03719,1
"weightOrdered[40,2,1]",0.00997,0.00961,0.00712,0.00026,0.03546,1
"weightOrdered[41,2,1]",0.00937,0.00808,0.0072,0.00029,0.02911,1
"weightOrdered[42,2,1]",0.00954,0.0092,0.0068,0.00022,0.03418,1
"weightOrdered[43,2,1]",0.00948,0.00898,0.00681,0.00025,0.03322,1
"weightOrdered[44,2,1]",0.01018,0.01031,0.00698,0.00025,0.03717,1
"weightOrdered[45,2,1]",0.01035,0.01052,0.00709,0.00026,0.03906,1
"weightOrdered[46,2,1]",0.0096,0.00956,0.00672,0.00024,0.03434,1
"weightOrdered[47,2,1]",0.00999,0.01014,0.00671,0.00025,0.03684,1
"weightOrdered[48,2,1]",0.0103,0.01006,0.00718,0.00025,0.037,1
"weightOrdered[49,2,1]",0.00999,0.00864,0.00772,0.00029,0.03233,1
"weightOrdered[50,2,1]",0.00907,0.00794,0.00693,0.00028,0.02954,1
"weightOrdered[51,2,1]",0.01031,0.00997,0.00737,0.00028,0.03719,1
"weightOrdered[52,2,1]",0.00997,0.00961,0.00712,0.00026,0.03546,1
"weightOrdered[53,2,1]",0.00933,0.00797,0.00722,0.00027,0.02926,1
"weightOrdered[54,2,1]",0.00904,0.00856,0.00647,0.00026,0.03169,1
"weightOrdered[55,2,1]",0.00948,0.00898,0.00681,0.00025,0.03322,1
"weightOrdered[56,2,1]",0.00925,0.00864,0.00675,0.00024,0.03178,1
"weightOrdered[57,2,1]",0.01025,0.01025,0.00708,0.00025,0.0381,1
"weightOrdered[58,2,1]",0.00987,0.00986,0.00681,0.00023,0.0368,1
"weightOrdered[59,2,1]",0.00989,0.01008,0.00678,0.00028,0.03654,1
"weightOrdered[60,2,1]",0.00992,0.00982,0.00687,0.00028,0.0361,1
"weightOrdered[1,1,2]",0,0,0,0,0,0.5
"weightOrdered[2,1,2]",0,0,0,0,0,0.5
"weightOrdered[3,1,2]",0,0,0,0,0,0.5
"weightOrdered[4,1,2]",0.04009,0.01344,0.03912,0.01555,0.06844,1
"weightOrdered[5,1,2]",0.014,0.00851,0.01318,0.00078,0.03204,1
"weightOrdered[6,1,2]",0.02525,0.01158,0.02713,0.00267,0.04438,1
"weightOrdered[7,1,2]",0.00626,0.00572,0.00462,0.00017,0.02098,1
"weightOrdered[8,1,2]",0.0195,0.01375,0.01719,0.00099,0.05225,1
"weightOrdered[9,1,2]",0.01939,0.01638,0.01522,0.00047,0.05894,1
"weightOrdered[10,1,2]",0.01936,0.01806,0.01402,0.00051,0.06724,1
"weightOrdered[11,1,2]",0.0612,0.0333,0.05882,0.00604,0.13221,1
"weightOrdered[12,1,2]",0.01385,0.01289,0.00997,0.00039,0.04794,1
"weightOrdered[13,1,2]",0.03337,0.02118,0.03092,0.00193,0.08068,1
"weightOrdered[14,1,2]",0.00691,0.00634,0.0051,0.00021,0.02378,1
"weightOrdered[15,1,2]",0.00642,0.00615,0.00462,0.00017,0.02289,1
"weightOrdered[16,1,2]",0.04009,0.01344,0.03912,0.01555,0.06844,1
"weightOrdered[17,1,2]",0.00337,0.00319,0.00244,1e-04,0.0118,1
"weightOrdered[18,1,2]",0.02525,0.01158,0.02713,0.00267,0.04438,1
"weightOrdered[19,1,2]",0.01633,0.01176,0.01415,0.00075,0.04434,1
"weightOrdered[20,1,2]",0.02483,0.01831,0.02095,0.00119,0.06795,1
"weightOrdered[21,1,2]",0.0161,0.0133,0.01273,0.00054,0.04935,1
"weightOrdered[22,1,2]",0.01511,0.0144,0.01058,4e-04,0.05382,1
"weightOrdered[23,1,2]",0.05414,0.03295,0.05149,0.00366,0.12479,1
"weightOrdered[24,1,2]",0.01362,0.01319,0.00956,0.00035,0.04987,1
"weightOrdered[25,1,2]",0.04218,0.01783,0.04173,0.0081,0.07804,1
"weightOrdered[26,1,2]",0.00346,0.00317,0.00255,1e-04,0.01189,1
"weightOrdered[27,1,2]",0.00321,0.00307,0.00231,9e-05,0.01145,1
"weightOrdered[28,1,2]",0.04698,0.01955,0.04405,0.01505,0.08822,1
"weightOrdered[29,1,2]",0.00168,0.0016,0.00122,5e-05,0.0059,1
"weightOrdered[30,1,2]",0.00574,0.00505,0.00432,0.00015,0.01863,1
"weightOrdered[31,1,2]",0.00816,0.00588,0.00708,0.00037,0.02217,1
"weightOrdered[32,1,2]",0.00448,0.00425,0.00322,0.00012,0.01587,1
"weightOrdered[33,1,2]",0.01487,0.01325,0.01114,0.00045,0.04945,1
"weightOrdered[34,1,2]",0.00934,0.00874,0.00676,0.00028,0.03224,1
"weightOrdered[35,1,2]",0.01511,0.01327,0.01164,0.00042,0.04932,1
"weightOrdered[36,1,2]",0.00797,0.00779,0.00561,0.00022,0.02854,1
"weightOrdered[37,1,2]",0.02812,0.01189,0.02782,0.0054,0.05203,1
"weightOrdered[38,1,2]",0.0023,0.00211,0.0017,7e-05,0.00793,1
"weightOrdered[39,1,2]",0.00718,0.00644,0.00544,0.00024,0.02351,1
"weightOrdered[40,1,2]",0.03132,0.01303,0.02937,0.01003,0.05881,1
"weightOrdered[41,1,2]",0.00112,0.00106,0.00081,3e-05,0.00393,1
"weightOrdered[42,1,2]",0.00383,0.00337,0.00288,1e-04,0.01242,1
"weightOrdered[43,1,2]",0.03421,0.01304,0.03414,0.00975,0.05968,1
"weightOrdered[44,1,2]",0.01275,0.01193,0.00893,0.00035,0.04372,1
"weightOrdered[45,1,2]",0.01145,0.00984,0.00886,0.00036,0.03601,1
"weightOrdered[46,1,2]",0.00975,0.00925,0.007,0.00025,0.03406,1
"weightOrdered[47,1,2]",0.00754,0.00752,0.00536,0.00021,0.02765,1
"weightOrdered[48,1,2]",0.01528,0.01409,0.01107,0.00039,0.05256,1
"weightOrdered[49,1,2]",0.02812,0.01189,0.02782,0.0054,0.05203,1
"weightOrdered[50,1,2]",0.01112,0.00706,0.01031,0.00064,0.02689,1
"weightOrdered[51,1,2]",0.00718,0.00644,0.00544,0.00024,0.02351,1
"weightOrdered[52,1,2]",0.03132,0.01303,0.02937,0.01003,0.05881,1
"weightOrdered[53,1,2]",0.01336,0.00448,0.01304,0.00518,0.02281,1
"weightOrdered[54,1,2]",0.00467,0.00284,0.00439,0.00026,0.01068,1
"weightOrdered[55,1,2]",0.03421,0.01304,0.03414,0.00975,0.05968,1
"weightOrdered[56,1,2]",0.00209,0.00191,0.00154,6e-05,0.00699,1
"weightOrdered[57,1,2]",0.03438,0.02254,0.03306,0.00121,0.08081,1
"weightOrdered[58,1,2]",0.00575,0.00568,0.00398,0.00014,0.02114,1
"weightOrdered[59,1,2]",0.01537,0.01474,0.01101,0.00038,0.05478,1
"weightOrdered[60,1,2]",0.00996,0.00954,0.00718,0.00026,0.03562,1
"weightOrdered[1,2,2]",0,0,0,0,0,0.5
"weightOrdered[2,2,2]",0,0,0,0,0,0.5
"weightOrdered[3,2,2]",0,0,0,0,0,0.5
"weightOrdered[4,2,2]",0.01405,0.01398,0.00966,0.00037,0.05175,1
"weightOrdered[5,2,2]",0.01174,0.01135,0.00853,0.00034,0.04217,1
"weightOrdered[6,2,2]",0.01572,0.01857,0.00874,0.00025,0.06833,1
"weightOrdered[7,2,2]",0.0527,0.07131,0.00768,0.00019,0.20608,1
"weightOrdered[8,2,2]",0.10292,0.07915,0.11898,0.00059,0.24043,1
"weightOrdered[9,2,2]",0.0152,0.01429,0.01105,0.00042,0.05362,1
"weightOrdered[10,2,2]",0.02002,0.02595,0.00568,0.00016,0.0845,1
"weightOrdered[11,2,2]",0.0238,0.03084,0.00579,0.00014,0.09606,1
"weightOrdered[12,2,2]",0.01355,0.0133,0.0088,0.00029,0.04829,1
"weightOrdered[13,2,2]",0.01401,0.01386,0.00931,0.00028,0.04979,1
"weightOrdered[14,2,2]",0.02521,0.03254,0.00575,0.00015,0.09892,1
"weightOrdered[15,2,2]",0.01275,0.01285,0.0088,3e-04,0.04803,1
"weightOrdered[16,2,2]",0.01405,0.01398,0.00966,0.00037,0.05175,1
"weightOrdered[17,2,2]",0.02312,0.02355,0.01447,0.00051,0.08627,1
"weightOrdered[18,2,2]",0.01572,0.01857,0.00874,0.00025,0.06833,1
"weightOrdered[19,2,2]",0.02066,0.02209,0.0125,4e-04,0.08295,1
"weightOrdered[20,2,2]",0.01688,0.01684,0.01178,0.00046,0.06057,1
"weightOrdered[21,2,2]",0.02339,0.01919,0.01882,0.00078,0.07172,1
"weightOrdered[22,2,2]",0.01692,0.01734,0.01102,0.00035,0.0635,1
"weightOrdered[23,2,2]",0.01555,0.01871,0.0069,0.00022,0.06618,1
"weightOrdered[24,2,2]",0.01172,0.01038,0.00881,0.00031,0.0388,1
"weightOrdered[25,2,2]",0.00482,0.00496,0.00317,0.00011,0.01939,1
"weightOrdered[26,2,2]",0.01261,0.01627,0.00288,8e-05,0.04946,1
"weightOrdered[27,2,2]",0.00637,0.00642,0.0044,0.00015,0.02401,1
"weightOrdered[28,2,2]",0.01786,0.02791,0.00492,0.00015,0.10481,1
"weightOrdered[29,2,2]",0.01156,0.01178,0.00724,0.00026,0.04313,1
"weightOrdered[30,2,2]",0.0857,0.06877,0.09355,0.00028,0.20826,1
"weightOrdered[31,2,2]",0.01033,0.01104,0.00625,2e-04,0.04147,1
"weightOrdered[32,2,2]",0.01153,0.01091,0.00835,0.00034,0.04111,1
"weightOrdered[33,2,2]",0.01063,0.00997,0.00775,0.00031,0.03726,1
"weightOrdered[34,2,2]",0.02194,0.02183,0.01454,0.00035,0.07859,1
"weightOrdered[35,2,2]",0.012,0.01017,0.00927,0.00037,0.03798,1
"weightOrdered[36,2,2]",0.03015,0.03808,0.00577,0.00015,0.10437,1
"weightOrdered[37,2,2]",0.00322,0.00331,0.00211,7e-05,0.01292,1
"weightOrdered[38,2,2]",0.0084,0.01085,0.00192,5e-05,0.03297,1
"weightOrdered[39,2,2]",0.00807,0.00775,0.00566,0.00022,0.02878,1
"weightOrdered[40,2,2]",0.0119,0.01861,0.00328,1e-04,0.06987,1
"weightOrdered[41,2,2]",0.00771,0.00785,0.00482,0.00017,0.02876,1
"weightOrdered[42,2,2]",0.05713,0.04584,0.06237,0.00019,0.13884,1
"weightOrdered[43,2,2]",0.00879,0.00898,0.00585,0.00019,0.034,1
"weightOrdered[44,2,2]",0.00785,0.01019,0.00429,0.00014,0.03922,1
"weightOrdered[45,2,2]",0.0081,0.00964,0.005,0.00017,0.03591,1
"weightOrdered[46,2,2]",0.00671,0.00704,0.00448,0.00018,0.02545,1
"weightOrdered[47,2,2]",0.01604,0.01809,0.00851,0.00022,0.06551,1
"weightOrdered[48,2,2]",0.0317,0.02921,0.02404,0.00038,0.09769,1
"weightOrdered[49,2,2]",0.00322,0.00331,0.00211,7e-05,0.01292,1
"weightOrdered[50,2,2]",0.00467,0.00462,0.0031,9e-05,0.0166,1
"weightOrdered[51,2,2]",0.00807,0.00775,0.00566,0.00022,0.02878,1
"weightOrdered[52,2,2]",0.0119,0.01861,0.00328,1e-04,0.06987,1
"weightOrdered[53,2,2]",0.00468,0.00466,0.00322,0.00012,0.01725,1
"weightOrdered[54,2,2]",0.00391,0.00378,0.00284,0.00011,0.01406,1
"weightOrdered[55,2,2]",0.00879,0.00898,0.00585,0.00019,0.034,1
"weightOrdered[56,2,2]",0.01757,0.02377,0.00256,6e-05,0.06869,1
"weightOrdered[57,2,2]",0.00999,0.01009,0.00677,0.00024,0.03716,1
"weightOrdered[58,2,2]",0.01432,0.01795,0.00739,0.00021,0.06731,1
"weightOrdered[59,2,2]",0.00724,0.00743,0.00488,2e-04,0.02797,1
"weightOrdered[60,2,2]",0.01484,0.01569,0.00873,0.00028,0.05704,1
"weightX[1,1,1]",0.02744,0.02593,0.01974,0.00079,0.09638,1
"weightX[2,1,1]",0.02732,0.02628,0.01932,0.00066,0.09812,1
"weightX[3,1,1]",0.02807,0.02745,0.01962,7e-04,0.1018,1
"weightX[4,1,1]",0.02669,0.02639,0.01848,0.00066,0.09737,1
"weightX[5,1,1]",0.0266,0.02584,0.01894,0.00065,0.09775,1
"weightX[6,1,1]",0.02635,0.02512,0.01879,0.00071,0.09346,1
"weightX[7,1,1]",0.02756,0.02612,0.01992,0.00073,0.09711,1
"weightX[8,1,1]",0.02599,0.02508,0.01836,0.00069,0.09152,1
"weightX[9,1,1]",0.02748,0.02637,0.0198,0.00073,0.09678,1
"weightX[10,1,1]",0.02721,0.02661,0.01916,0.00076,0.09772,1
"weightX[11,1,1]",0.0266,0.02545,0.01904,0.00067,0.09313,1
"weightX[12,1,1]",0.0265,0.0253,0.01892,0.00069,0.09351,1
"weightX[13,1,1]",0.02742,0.0262,0.01964,7e-04,0.09539,1
"weightX[14,1,1]",0.0271,0.02549,0.01956,0.00078,0.09437,1
"weightX[15,1,1]",0.02597,0.02518,0.01837,7e-04,0.09388,1
"weightX[16,1,1]",0.02497,0.02401,0.01772,0.00063,0.08875,1
"weightX[17,1,1]",0.02649,0.02462,0.01937,0.00075,0.0921,1
"weightX[18,1,1]",0.02615,0.02513,0.01855,0.00066,0.09277,1
"weightX[19,1,1]",0.02568,0.02496,0.01815,0.00066,0.09299,1
"weightX[20,1,1]",0.02727,0.02584,0.01954,0.00078,0.09569,1
"weightX[21,1,1]",0.02564,0.02392,0.0187,0.00073,0.09,1
"weightX[22,1,1]",0.02516,0.0237,0.01834,0.00068,0.08734,1
"weightX[23,1,1]",0.02659,0.02557,0.01901,0.00074,0.09448,1
"weightX[24,1,1]",0.02618,0.02535,0.01849,0.00064,0.09286,1
"weightX[25,1,1]",0.02556,0.02363,0.01876,0.00072,0.0878,1
"weightX[26,1,1]",0.02412,0.02202,0.01784,0.00067,0.08174,1
"weightX[27,1,1]",0.02648,0.02466,0.01927,0.00073,0.09216,1
"weightX[28,1,1]",0.02224,0.01927,0.01732,0.00075,0.07097,1
"weightX[29,1,1]",0.02592,0.02393,0.01905,0.00075,0.08927,1
"weightX[30,1,1]",0.02754,0.023,0.0218,0.00091,0.08456,1
"weightX[31,1,1]",0.02497,0.0209,0.0197,0.00086,0.0771,1
"weightX[32,1,1]",0.02479,0.02256,0.01871,0.00065,0.08256,1
"weightX[33,1,1]",0.02463,0.02362,0.01756,0.00067,0.088,1
"weightX[34,1,1]",0.02695,0.02587,0.01943,0.00073,0.09546,1
"weightX[35,1,1]",0.02649,0.02531,0.01913,0.00076,0.0911,1
"weightX[36,1,1]",0.02771,0.02694,0.01972,0.00077,0.09781,1
"weightX[37,1,1]",0.0267,0.02579,0.0187,0.00075,0.09736,1
"weightX[38,1,1]",0.02747,0.02568,0.02007,0.00071,0.09555,1
"weightX[1,2,1]",0.02584,0.02319,0.01954,0.00078,0.08618,1
"weightX[2,2,1]",0.02739,0.02444,0.0204,0.00073,0.08966,1
"weightX[3,2,1]",0.02698,0.02529,0.01935,0.00081,0.09445,1
"weightX[4,2,1]",0.02761,0.02628,0.01969,0.00071,0.0972,1
"weightX[5,2,1]",0.02662,0.02556,0.0189,0.00077,0.09459,1
"weightX[6,2,1]",0.02594,0.02318,0.01945,7e-04,0.08704,1
"weightX[7,2,1]",0.02499,0.02307,0.01818,0.00076,0.08472,1
"weightX[8,2,1]",0.02704,0.02568,0.01946,0.00078,0.09478,1
"weightX[9,2,1]",0.02673,0.02625,0.01846,0.00069,0.09591,1
"weightX[10,2,1]",0.02646,0.02597,0.01858,0.00079,0.09643,1
"weightX[11,2,1]",0.0251,0.02337,0.01843,0.00065,0.08624,1
"weightX[12,2,1]",0.02489,0.02278,0.01837,0.00069,0.08574,1
"weightX[13,2,1]",0.02568,0.02519,0.01784,0.00063,0.0941,1
"weightX[14,2,1]",0.02569,0.02477,0.01844,0.00068,0.09014,1
"weightX[15,2,1]",0.02642,0.02554,0.01876,0.00063,0.09436,1
"weightX[16,2,1]",0.02657,0.02539,0.01909,0.00065,0.09356,1
"weightX[17,2,1]",0.02726,0.0254,0.01964,0.00075,0.09492,1
"weightX[18,2,1]",0.02706,0.02586,0.01943,0.00076,0.09525,1
"weightX[19,2,1]",0.02768,0.02713,0.01942,0.00072,0.10101,1
"weightX[20,2,1]",0.02734,0.02625,0.01935,0.00071,0.09863,1
"weightX[21,2,1]",0.02745,0.02614,0.0196,0.00073,0.09557,1
"weightX[22,2,1]",0.02686,0.02496,0.01933,0.00075,0.09315,1
"weightX[23,2,1]",0.02655,0.02553,0.01871,0.00071,0.09357,1
"weightX[24,2,1]",0.02718,0.02635,0.01914,0.00069,0.097,1
"weightX[25,2,1]",0.02531,0.0238,0.01826,0.00063,0.08743,1
"weightX[26,2,1]",0.02653,0.02428,0.01956,0.00077,0.08976,1
"weightX[27,2,1]",0.02553,0.02369,0.01875,0.00068,0.08801,1
"weightX[28,2,1]",0.02195,0.0189,0.01706,0.00073,0.06934,1
"weightX[29,2,1]",0.02568,0.02431,0.01867,0.00061,0.08896,1
"weightX[30,2,1]",0.02472,0.02361,0.01766,7e-04,0.08848,1
"weightX[31,2,1]",0.02593,0.0231,0.01939,0.00077,0.08395,1
"weightX[32,2,1]",0.0261,0.02344,0.0196,0.00072,0.08675,1
"weightX[33,2,1]",0.02716,0.0261,0.01953,0.00068,0.09654,1
"weightX[34,2,1]",0.02687,0.02601,0.01894,0.00068,0.0991,1
"weightX[35,2,1]",0.02783,0.02638,0.02015,0.00075,0.09797,1
"weightX[36,2,1]",0.02643,0.02391,0.01971,0.00078,0.08888,1
"weightX[37,2,1]",0.02505,0.02262,0.01885,0.00077,0.08399,1
"weightX[38,2,1]",0.02757,0.02445,0.02099,0.00078,0.09222,1
"weightX[1,1,2]",0.01172,0.01104,0.00836,0.00032,0.04103,1
"weightX[2,1,2]",0.01153,0.01134,0.00802,0.00029,0.04276,1
"weightX[3,1,2]",0.01334,0.01292,0.00943,0.00038,0.04746,1
"weightX[4,1,2]",0.03784,0.03377,0.02806,0.001,0.12666,1
"weightX[5,1,2]",0.0249,0.02347,0.01812,0.00068,0.08735,1
"weightX[6,1,2]",0.05174,0.02885,0.0491,0.00507,0.11541,1
"weightX[7,1,2]",0.04604,0.02901,0.04309,0.00299,0.11036,1
"weightX[8,1,2]",0.02523,0.0219,0.0195,7e-04,0.08142,1
"weightX[9,1,2]",0.01887,0.01848,0.01349,0.00053,0.06759,1
"weightX[10,1,2]",0.0378,0.03461,0.02796,0.00099,0.1284,1
"weightX[11,1,2]",0.01643,0.01564,0.01173,0.00042,0.05812,1
"weightX[12,1,2]",0.01282,0.01248,0.00889,0.00033,0.04687,1
"weightX[13,1,2]",0.01563,0.01454,0.01139,0.00047,0.05394,1
"weightX[14,1,2]",0.02421,0.0223,0.0178,0.00064,0.08349,1
"weightX[15,1,2]",0.01436,0.01393,0.01005,0.00034,0.05214,1
"weightX[16,1,2]",0.01614,0.01352,0.01277,0.00041,0.04895,1
"weightX[17,1,2]",0.01358,0.01132,0.0107,0.00045,0.04225,1
"weightX[18,1,2]",0.02494,0.02216,0.01875,0.00075,0.08343,1
"weightX[19,1,2]",0.02834,0.02368,0.02229,0.00094,0.08698,1
"weightX[20,1,2]",0.08465,0.05309,0.08377,0.00327,0.18909,1
"weightX[21,1,2]",0.01652,0.01194,0.01438,0.00082,0.04534,1
"weightX[22,1,2]",0.02112,0.01608,0.01746,0.00098,0.05966,1
"weightX[23,1,2]",0.00752,0.00711,0.00541,2e-04,0.02654,1
"weightX[24,1,2]",0.03206,0.02981,0.02244,0.00088,0.10937,1
"weightX[25,1,2]",0.00526,0.00479,0.00387,0.00014,0.01782,1
"weightX[26,1,2]",0.01367,0.00982,0.01188,0.00064,0.03721,1
"weightX[27,1,2]",0.08553,0.03116,0.08538,0.02525,0.14689,1
"weightX[28,1,2]",0.02113,0.00968,0.02238,0.00223,0.03789,1
"weightX[29,1,2]",0.00965,0.00855,0.00722,0.00025,0.03134,1
"weightX[30,1,2]",0.01174,0.00713,0.01104,0.00067,0.02697,1
"weightX[31,1,2]",0.00282,0.00265,0.00204,8e-05,0.00997,1
"weightX[32,1,2]",0.03405,0.01252,0.03271,0.01247,0.06111,1
"weightX[33,1,2]",0.08009,0.03593,0.07398,0.02376,0.15784,1
"weightX[34,1,2]",0.00543,0.00525,0.00385,0.00014,0.01971,1
"weightX[35,1,2]",0.01794,0.01581,0.01376,6e-04,0.05808,1
"weightX[36,1,2]",0.00584,0.0054,0.00428,0.00017,0.02022,1
"weightX[37,1,2]",0.0282,0.01822,0.02591,0.00159,0.06939,1
"weightX[38,1,2]",0.07131,0.03119,0.07026,0.01345,0.13561,1
"weightX[1,2,2]",0.01046,0.00958,0.0074,0.00025,0.03496,1
"weightX[2,2,2]",0.00931,0.00796,0.00732,0.00027,0.02911,1
"weightX[3,2,2]",0.0537,0.06922,0.00888,0.00024,0.18816,1
"weightX[4,2,2]",0.07059,0.05916,0.06044,0.00103,0.19774,1
"weightX[5,2,2]",0.03335,0.03224,0.02195,0.00074,0.11438,1
"weightX[6,2,2]",0.02112,0.02806,0.00446,0.00011,0.08667,1
"weightX[7,2,2]",0.01362,0.01722,0.00536,0.00017,0.06075,1
"weightX[8,2,2]",0.0197,0.01704,0.01492,6e-04,0.06438,1
"weightX[9,2,2]",0.03579,0.03718,0.02147,0.00059,0.13412,1
"weightX[10,2,2]",0.017,0.01626,0.01209,5e-04,0.06145,1
"weightX[11,2,2]",0.01773,0.02371,0.00442,0.00013,0.07655,1
"weightX[12,2,2]",0.01299,0.01241,0.00917,3e-04,0.04554,1
"weightX[13,2,2]",0.03318,0.03054,0.02397,0.00063,0.10927,1
"weightX[14,2,2]",0.01572,0.01526,0.01112,0.00045,0.05516,1
"weightX[15,2,2]",0.03189,0.03663,0.01848,0.00055,0.13682,1
"weightX[16,2,2]",0.01264,0.01238,0.00891,0.00034,0.04617,1
"weightX[17,2,2]",0.01894,0.01535,0.0153,0.00066,0.05767,1
"weightX[18,2,2]",0.01733,0.01639,0.01253,0.00051,0.06049,1
"weightX[19,2,2]",0.02018,0.02469,0.01216,0.00041,0.09433,1
"weightX[20,2,2]",0.02355,0.02257,0.01681,0.00061,0.0837,1
"weightX[21,2,2]",0.08076,0.06298,0.08861,0.00054,0.19346,1
"weightX[22,2,2]",0.01397,0.01436,0.00941,0.00037,0.0527,1
"weightX[23,2,2]",0.01886,0.01801,0.01357,0.00055,0.06876,1
"weightX[24,2,2]",0.01975,0.02625,0.01022,0.00035,0.10153,1
"weightX[25,2,2]",0.04718,0.06485,0.00591,0.00015,0.18644,1
"weightX[26,2,2]",0.01723,0.01925,0.00996,0.00033,0.07334,1
"weightX[27,2,2]",0.02204,0.02329,0.01403,0.00044,0.08845,1
"weightX[28,2,2]",0.013,0.01586,0.00696,2e-04,0.05733,1
"weightX[29,2,2]",0.13579,0.11364,0.13124,0.00051,0.34845,1
"weightX[30,2,2]",0.00972,0.00966,0.0069,0.00026,0.03517,1
"weightX[31,2,2]",0.01907,0.02048,0.01169,0.00042,0.07641,1
"weightX[32,2,2]",0.01157,0.01195,0.00781,3e-04,0.0455,1
"weightX[33,2,2]",0.03183,0.05162,0.00768,0.00023,0.19134,1
"weightX[34,2,2]",0.01009,0.00974,0.00728,0.00025,0.03593,1
"weightX[35,2,2]",0.01923,0.01776,0.01398,0.00054,0.06524,1
"weightX[36,2,2]",0.02257,0.03005,0.00439,0.00012,0.09184,1
"weightX[37,2,2]",0.01081,0.01007,0.00764,0.00024,0.03556,1
"weightX[38,2,2]",0.00773,0.00774,0.0052,0.00019,0.02974,1
"yr.w[1,1,1]",0.25302,0.06391,0.24956,0.13827,0.38602,1
"yr.w[2,1,1]",0.3387,0.06318,0.33853,0.21635,0.46328,1
"yr.w[3,1,1]",0.17431,0.04118,0.17182,0.10102,0.26223,1
"yr.w[4,1,1]",0.11719,0.03036,0.11519,0.06429,0.18216,1
"yr.w[5,1,1]",0.11678,0.02907,0.1145,0.06618,0.17953,1
"yr.w[1,2,1]",0.25069,0.06299,0.24765,0.13565,0.38352,1
"yr.w[2,2,1]",0.33831,0.06157,0.33755,0.21955,0.46144,1
"yr.w[3,2,1]",0.17605,0.04056,0.17366,0.10361,0.26227,1
"yr.w[4,2,1]",0.11855,0.03037,0.1165,0.06541,0.18449,1
"yr.w[5,2,1]",0.1164,0.02832,0.11453,0.06618,0.17677,1
"yr.w[1,1,2]",0.21889,0.04016,0.21786,0.14454,0.2999,1
"yr.w[2,1,2]",0.25554,0.04358,0.25463,0.17358,0.34358,1
"yr.w[3,1,2]",0.1632,0.02846,0.16251,0.11006,0.22107,1
"yr.w[4,1,2]",0.16485,0.02749,0.16292,0.11551,0.22313,1
"yr.w[5,1,2]",0.19752,0.03087,0.19616,0.14169,0.26338,1
"yr.w[1,2,2]",0.2697,0.06877,0.26649,0.14131,0.40881,1
"yr.w[2,2,2]",0.20998,0.04343,0.20709,0.13035,0.30169,1
"yr.w[3,2,2]",0.23551,0.0425,0.23539,0.15334,0.31782,1
"yr.w[4,2,2]",0.17561,0.05193,0.17934,0.08006,0.27477,1
"yr.w[5,2,2]",0.1092,0.03407,0.11164,0.0489,0.17445,1
