"","mean","sd","median","lower2.5","upper97.5","diff"
"a[1,1]",0.23806,0.03683,0.25355,0.17861,0.28965,1
"a[2,1]",0.00295,0.00204,0.00266,-0.0013,0.00751,0
"a[3,1]",-0.02331,0.01398,-0.02136,-0.05566,0.00161,0
"a[4,1]",0.00041,0.00189,-3e-05,-0.00377,0.00394,0
"a[5,1]",0.4172,0.03717,0.43097,0.33918,0.46975,1
"a[1,2]",0.23848,0.0372,0.25404,0.17847,0.29131,1
"a[2,2]",0.00297,0.00201,0.00275,-0.00142,0.00747,0
"a[3,2]",-0.02315,0.0136,-0.02143,-0.05349,5e-04,0
"a[4,2]",0.00035,0.0019,-4e-05,-0.00398,0.00409,0
"a[5,2]",0.4151,0.03753,0.42865,0.33672,0.46629,1
"a[1,3]",0.23837,0.03703,0.25408,0.17794,0.29119,1
"a[2,3]",0.00305,0.00209,0.00276,-0.00117,0.0079,0
"a[3,3]",-0.02367,0.01334,-0.02207,-0.05352,0.00027,0
"a[4,3]",0.00036,0.00192,-4e-05,-0.00435,0.00399,0
"a[5,3]",0.41449,0.03859,0.42861,0.33703,0.46779,1
"a[1,4]",0.23849,0.03721,0.25401,0.17873,0.29186,1
"a[2,4]",0.0031,0.00207,0.00279,-0.00112,0.00789,0
"a[3,4]",-0.02341,0.0135,-0.0218,-0.05456,0.00036,0
"a[4,4]",4e-04,0.00193,-3e-05,-0.00408,0.00417,0
"a[5,4]",0.41502,0.03829,0.42884,0.33701,0.46815,1
"a[1,5]",0.23832,0.03703,0.25451,0.17781,0.29068,1
"a[2,5]",0.00305,0.00213,0.00274,-0.00141,0.00794,0
"a[3,5]",-0.02353,0.01414,-0.02183,-0.05508,0.00195,0
"a[4,5]",0.00037,0.00192,-4e-05,-0.00402,0.0041,0
"a[5,5]",0.4166,0.03749,0.43011,0.34002,0.47063,1
"a[1,6]",0.23874,0.03718,0.25451,0.17874,0.29317,1
"a[2,6]",0.00304,0.00207,0.00278,-0.00133,0.00779,0
"a[3,6]",-0.02353,0.01421,-0.0217,-0.05597,0.0014,0
"a[4,6]",0.00034,0.00184,-4e-05,-0.00382,0.00397,0
"a[5,6]",0.41517,0.03799,0.4292,0.33607,0.46755,1
"a[1,7]",0.23838,0.03731,0.25391,0.17823,0.29296,1
"a[2,7]",0.00297,0.00204,0.00269,-0.00142,0.00762,0
"a[3,7]",-0.02337,0.014,-0.02159,-0.05499,0.00199,0
"a[4,7]",0.00031,0.00191,-4e-05,-0.00437,0.00393,0
"a[5,7]",0.41491,0.03846,0.42909,0.3354,0.46741,1
"a[1,8]",0.23823,0.03703,0.25422,0.17872,0.29107,1
"a[2,8]",0.00296,0.00207,0.0027,-0.00153,0.00772,0
"a[3,8]",-0.02352,0.01399,-0.02184,-0.0563,0.00138,0
"a[4,8]",0.00037,0.00191,-4e-05,-0.00408,0.00413,0
"a[5,8]",0.41552,0.03799,0.42859,0.3378,0.47128,1
"a[1,9]",0.23803,0.03701,0.25389,0.17816,0.29093,1
"a[2,9]",0.00298,0.00204,0.00273,-0.0012,0.00768,0
"a[3,9]",-0.02422,0.01419,-0.02225,-0.05718,-7e-05,1
"a[4,9]",0.00036,0.00189,-4e-05,-0.00404,0.00409,0
"a[5,9]",0.41644,0.03732,0.43004,0.3402,0.46964,1
"a[1,10]",0.23734,0.03663,0.25323,0.17785,0.2891,1
"a[2,10]",0.003,0.00209,0.00273,-0.00137,0.00778,0
"a[3,10]",-0.02395,0.01425,-0.02204,-0.05661,0.00123,0
"a[4,10]",0.00037,0.00191,-4e-05,-0.00399,0.00415,0
"a[5,10]",0.41646,0.03753,0.42955,0.34013,0.4699,1
"a[1,11]",0.23852,0.03701,0.25409,0.17917,0.29126,1
"a[2,11]",0.00301,0.00207,0.00269,-0.0012,0.00784,0
"a[3,11]",-0.02372,0.01434,-0.02174,-0.0583,0.00104,0
"a[4,11]",0.00035,0.00196,-4e-05,-0.00405,0.00408,0
"a[5,11]",0.41583,0.03803,0.42964,0.33878,0.4707,1
"a[1,12]",0.23803,0.03695,0.25391,0.17876,0.29019,1
"a[2,12]",0.00301,0.00207,0.00272,-0.00136,0.00786,0
"a[3,12]",-0.02376,0.01416,-0.02174,-0.05713,0.00163,0
"a[4,12]",4e-04,0.00192,-3e-05,-0.00393,0.00408,0
"a[5,12]",0.41566,0.03835,0.42969,0.3377,0.46955,1
"a[1,13]",0.23852,0.03725,0.25396,0.17868,0.29301,1
"a[2,13]",0.00303,0.00208,0.00276,-0.00131,0.00778,0
"a[3,13]",-0.02362,0.01427,-0.0219,-0.05722,0.00088,0
"a[4,13]",0.00041,0.00184,-3e-05,-0.00362,0.00411,0
"a[5,13]",0.41577,0.03809,0.42978,0.33921,0.47037,1
"a[1,14]",0.23835,0.0371,0.25406,0.17967,0.2926,1
"a[2,14]",0.00298,0.00197,0.00275,-0.00126,0.00749,0
"a[3,14]",-0.02376,0.01411,-0.02163,-0.05612,6e-04,0
"a[4,14]",0.00038,0.00194,-4e-05,-0.00403,0.00432,0
"a[5,14]",0.41566,0.03772,0.42929,0.33587,0.46719,1
"a[1,15]",0.23874,0.03738,0.25459,0.1791,0.29256,1
"a[2,15]",0.00305,0.0021,0.00276,-0.00132,0.00793,0
"a[3,15]",-0.02322,0.01431,-0.02179,-0.05493,0.00239,0
"a[4,15]",0.00031,0.0019,-4e-05,-0.00421,0.00383,0
"a[5,15]",0.41488,0.03851,0.42875,0.33542,0.46862,1
"a[1,16]",0.23815,0.03706,0.2538,0.17841,0.29201,1
"a[2,16]",0.00288,0.00202,0.00263,-0.00154,0.00742,0
"a[3,16]",-0.02367,0.01408,-0.02175,-0.05527,7e-04,0
"a[4,16]",0.00031,0.00195,-4e-05,-0.00422,0.00395,0
"a[5,16]",0.41738,0.03667,0.43013,0.34333,0.46955,1
"a[1,17]",0.2382,0.0371,0.25419,0.17905,0.29114,1
"a[2,17]",0.00301,0.00203,0.00277,-0.00127,0.00767,0
"a[3,17]",-0.02345,0.01365,-0.0218,-0.05326,0.00061,0
"a[4,17]",0.00036,0.00192,-4e-05,-0.00398,0.00407,0
"a[5,17]",0.41556,0.03767,0.42953,0.33979,0.46932,1
"a[1,18]",0.23854,0.03743,0.25422,0.1784,0.29292,1
"a[2,18]",0.00292,0.00208,0.00267,-0.00133,0.00784,0
"a[3,18]",-0.02391,0.01396,-0.02214,-0.05582,0.00026,0
"a[4,18]",0.00036,0.00193,-3e-05,-0.00434,0.00418,0
"a[5,18]",0.41513,0.03758,0.42863,0.33607,0.46766,1
"a[1,19]",0.23857,0.03712,0.25445,0.17921,0.29149,1
"a[2,19]",0.00301,0.00199,0.00278,-0.00123,0.00738,0
"a[3,19]",-0.02362,0.01383,-0.02162,-0.05584,0.00054,0
"a[4,19]",0.00038,0.00193,-4e-05,-0.00405,0.00391,0
"a[5,19]",0.41537,0.03809,0.42885,0.33633,0.46798,1
"a[1,20]",0.23813,0.03698,0.25368,0.17831,0.2914,1
"a[2,20]",0.00296,0.00207,0.0027,-0.00131,0.00774,0
"a[3,20]",-0.02382,0.01406,-0.02201,-0.05756,0.00099,0
"a[4,20]",0.00039,0.00192,-3e-05,-0.00418,0.00423,0
"a[5,20]",0.41538,0.03825,0.43018,0.33891,0.46913,1
"a[1,21]",0.23863,0.03722,0.25443,0.17963,0.29312,1
"a[2,21]",0.00296,0.00208,0.00274,-0.00134,0.00772,0
"a[3,21]",-0.0237,0.01392,-0.022,-0.05629,0.00121,0
"a[4,21]",0.00036,0.00195,-4e-05,-0.00425,0.00406,0
"a[5,21]",0.41533,0.03803,0.42938,0.3394,0.46872,1
"a[1,22]",0.23842,0.03719,0.25426,0.1785,0.29186,1
"a[2,22]",0.00303,0.00212,0.00276,-0.0015,0.00769,0
"a[3,22]",-0.02297,0.01434,-0.02142,-0.05457,0.00434,0
"a[4,22]",0.00029,0.00198,-4e-05,-0.0045,0.0039,0
"a[5,22]",0.41634,0.03716,0.42985,0.34019,0.46843,1
"a[1,23]",0.2383,0.03721,0.25408,0.17814,0.29261,1
"a[2,23]",0.00301,0.00204,0.00281,-0.00135,0.00771,0
"a[3,23]",-0.02349,0.01409,-0.0214,-0.0543,0.00124,0
"a[4,23]",0.00039,0.00197,-4e-05,-0.00387,0.00422,0
"a[5,23]",0.41607,0.03778,0.43001,0.33787,0.46879,1
"a[1,24]",0.2385,0.03726,0.25401,0.17829,0.29197,1
"a[2,24]",0.00299,0.00209,0.00267,-0.00135,0.00776,0
"a[3,24]",-0.02365,0.01425,-0.02196,-0.05478,0.00066,0
"a[4,24]",0.00035,0.00194,-4e-05,-0.00388,0.00399,0
"a[5,24]",0.41574,0.03798,0.42968,0.33674,0.46869,1
"a[1,25]",0.23796,0.03681,0.25419,0.17914,0.2903,1
"a[2,25]",0.0031,0.00208,0.00281,-0.0012,0.00798,0
"a[3,25]",-0.02343,0.01426,-0.02176,-0.05516,0.00208,0
"a[4,25]",0.00046,0.00189,-3e-05,-0.0037,0.00431,0
"a[5,25]",0.41651,0.03759,0.4305,0.33989,0.46997,1
"a[1,26]",0.23842,0.03715,0.25388,0.17902,0.29229,1
"a[2,26]",0.00298,0.00201,0.00274,-0.00124,0.00747,0
"a[3,26]",-0.02324,0.01444,-0.02152,-0.0556,0.00317,0
"a[4,26]",0.00034,0.0019,-4e-05,-0.00398,0.00394,0
"a[5,26]",0.41522,0.03826,0.42949,0.33699,0.4671,1
"a[1,27]",0.23845,0.0373,0.25403,0.17746,0.29321,1
"a[2,27]",0.00288,0.00207,0.00265,-0.00154,0.00731,0
"a[3,27]",-0.02356,0.01387,-0.02144,-0.05598,0.00042,0
"a[4,27]",3e-04,0.00188,-5e-05,-0.00404,0.00367,0
"a[5,27]",0.41614,0.03748,0.42976,0.33922,0.46906,1
"a[1,28]",0.23865,0.03704,0.25411,0.17946,0.29244,1
"a[2,28]",0.00292,0.00198,0.00268,-0.00126,0.00731,0
"a[3,28]",-0.02347,0.01411,-0.02168,-0.05535,0.00116,0
"a[4,28]",0.00031,0.00188,-4e-05,-0.00412,0.00365,0
"a[5,28]",0.41476,0.03887,0.42988,0.33313,0.46868,1
"a[1,29]",0.23826,0.0369,0.25444,0.17912,0.29101,1
"a[2,29]",0.00298,0.00211,0.00273,-0.00147,0.00779,0
"a[3,29]",-0.02387,0.01398,-0.02198,-0.05623,6e-04,0
"a[4,29]",0.00041,0.00189,-4e-05,-0.00376,0.0042,0
"a[5,29]",0.41593,0.03779,0.42996,0.3388,0.46922,1
"a[1,30]",0.23814,0.03709,0.25382,0.17869,0.29104,1
"a[2,30]",0.00309,0.00209,0.00274,-0.00106,0.008,0
"a[3,30]",-0.02472,0.01469,-0.02271,-0.05952,-0.00104,1
"a[4,30]",0.00029,0.00192,-4e-05,-0.0042,0.00378,0
"a[5,30]",0.41586,0.03758,0.42912,0.33869,0.46859,1
"a[1,31]",0.23855,0.03734,0.25426,0.17868,0.29303,1
"a[2,31]",0.00302,0.00201,0.00273,-0.0012,0.0077,0
"a[3,31]",-0.02312,0.0138,-0.02125,-0.0545,0.00191,0
"a[4,31]",0.00041,0.00188,-4e-05,-0.00376,0.00398,0
"a[5,31]",0.41504,0.03843,0.42899,0.33606,0.46984,1
"a[1,32]",0.23809,0.03678,0.25371,0.17942,0.29077,1
"a[2,32]",0.00275,0.00198,0.00259,-0.00158,0.00704,0
"a[3,32]",-0.02411,0.01422,-0.02195,-0.0576,-0.00091,1
"a[4,32]",0.00032,0.00191,-4e-05,-0.00415,0.00382,0
"a[5,32]",0.41674,0.03709,0.43035,0.34041,0.47006,1
"a[1,33]",0.23819,0.03694,0.25381,0.17887,0.29064,1
"a[2,33]",0.00262,0.002,0.00253,-0.00201,0.00678,0
"a[3,33]",-0.02341,0.01405,-0.02179,-0.05566,0.00223,0
"a[4,33]",4e-04,0.00185,-4e-05,-0.00365,0.0042,0
"a[5,33]",0.41634,0.03713,0.42936,0.34271,0.46959,1
"a[1,34]",0.23774,0.03702,0.25365,0.177,0.28962,1
"a[2,34]",0.00319,0.00196,0.00289,-0.00081,0.00765,0
"a[3,34]",-0.02367,0.0139,-0.0216,-0.05456,0.00085,0
"a[4,34]",0.00035,0.00191,-4e-05,-0.00421,0.0041,0
"a[5,34]",0.4167,0.03749,0.43042,0.34168,0.47128,1
"a[1,35]",0.2384,0.03738,0.25384,0.17769,0.29314,1
"a[2,35]",0.00337,0.00194,0.00297,-0.00028,0.00803,0
"a[3,35]",-0.02393,0.01388,-0.02198,-0.05504,0.00094,0
"a[4,35]",0.00035,0.00188,-4e-05,-0.00373,0.00372,0
"a[5,35]",0.41579,0.03735,0.42921,0.33914,0.46771,1
"a[1,36]",0.23858,0.0371,0.25405,0.17884,0.29263,1
"a[2,36]",0.00309,0.002,0.00279,-0.00078,0.00763,0
"a[3,36]",-0.02363,0.01427,-0.02155,-0.05705,0.00034,0
"a[4,36]",0.00052,0.00192,-3e-05,-0.00374,0.00471,0
"a[5,36]",0.41507,0.03838,0.42892,0.33541,0.4684,1
"a[1,37]",0.2385,0.03716,0.25455,0.17811,0.2914,1
"a[2,37]",0.00298,0.0021,0.00271,-0.00128,0.00792,0
"a[3,37]",-0.02344,0.0146,-0.02176,-0.0562,0.00278,0
"a[4,37]",0.00037,0.00195,-4e-05,-0.00409,0.00425,0
"a[5,37]",0.41577,0.03754,0.4291,0.33767,0.4699,1
"a[1,38]",0.23841,0.03714,0.25395,0.17876,0.29248,1
"a[2,38]",0.00319,0.00202,0.00288,-0.00072,0.0078,0
"a[3,38]",-0.02338,0.01409,-0.02164,-0.05662,0.00135,0
"a[4,38]",0.00042,0.00191,-3e-05,-0.00369,0.004,0
"a[5,38]",0.41461,0.03843,0.42827,0.33564,0.46801,1
"a[1,39]",0.23869,0.03737,0.25441,0.17754,0.29202,1
"a[2,39]",0.00294,0.002,0.00274,-0.00137,0.00746,0
"a[3,39]",-0.02392,0.01444,-0.02214,-0.05668,0.00117,0
"a[4,39]",0.00032,0.00191,-4e-05,-0.00426,0.00392,0
"a[5,39]",0.41424,0.03912,0.42824,0.33088,0.46834,1
"a[1,40]",0.23805,0.03703,0.25358,0.17824,0.29163,1
"a[2,40]",0.0029,0.00201,0.00267,-0.0015,0.00731,0
"a[3,40]",-0.0237,0.01436,-0.02167,-0.05706,0.00142,0
"a[4,40]",0.00043,0.00191,-3e-05,-0.00376,0.00416,0
"a[5,40]",0.41535,0.0382,0.42992,0.33748,0.46825,1
"a[1,41]",0.23884,0.03734,0.25425,0.17945,0.29356,1
"a[2,41]",0.00304,0.00202,0.00276,-0.00127,0.0078,0
"a[3,41]",-0.02362,0.01425,-0.02152,-0.05659,0.00068,0
"a[4,41]",0.00038,0.00198,-4e-05,-0.00405,0.00416,0
"a[5,41]",0.41517,0.03838,0.42993,0.33679,0.46756,1
"a[1,42]",0.23819,0.03681,0.25447,0.17924,0.28882,1
"a[2,42]",0.00307,0.00199,0.00277,-0.00083,0.0077,0
"a[3,42]",-0.02388,0.01404,-0.02196,-0.05777,5e-04,0
"a[4,42]",4e-04,0.00188,-3e-05,-0.00397,0.00422,0
"a[5,42]",0.41438,0.03861,0.4286,0.3332,0.46818,1
"a[1,43]",0.23813,0.03697,0.25372,0.17894,0.29161,1
"a[2,43]",0.00296,0.00206,0.00272,-0.00133,0.00773,0
"a[3,43]",-0.02387,0.01414,-0.02175,-0.05645,0.00192,0
"a[4,43]",0.00035,0.00186,-4e-05,-0.0037,0.0039,0
"a[5,43]",0.41603,0.0377,0.42967,0.33962,0.46937,1
"a[1,44]",0.23826,0.03714,0.254,0.17787,0.2917,1
"a[2,44]",0.00297,0.00205,0.00272,-0.00142,0.0076,0
"a[3,44]",-0.02374,0.01421,-0.02186,-0.05671,0.00073,0
"a[4,44]",0.00038,0.0019,-3e-05,-0.00407,0.00392,0
"a[5,44]",0.41589,0.03768,0.42986,0.33839,0.46873,1
"a[1,45]",0.23835,0.0373,0.25407,0.17805,0.29195,1
"a[2,45]",0.00296,0.00209,0.00269,-0.00145,0.00764,0
"a[3,45]",-0.02356,0.01425,-0.02184,-0.05572,0.00131,0
"a[4,45]",0.00038,0.00185,-4e-05,-0.00387,0.00394,0
"a[5,45]",0.41561,0.03817,0.42933,0.33782,0.46763,1
"a[1,46]",0.23838,0.03702,0.25365,0.17944,0.29031,1
"a[2,46]",0.00303,0.00206,0.0028,-0.00138,0.00764,0
"a[3,46]",-0.02366,0.01421,-0.02189,-0.05602,0.00133,0
"a[4,46]",0.00037,0.00189,-4e-05,-0.00384,0.00398,0
"a[5,46]",0.41571,0.03757,0.42926,0.33875,0.46878,1
"a[1,47]",0.23822,0.03687,0.25405,0.17859,0.29131,1
"a[2,47]",0.00301,0.00204,0.00275,-0.00131,0.00776,0
"a[3,47]",-0.0235,0.01434,-0.02171,-0.05498,0.00099,0
"a[4,47]",0.00039,0.00193,-4e-05,-0.00409,0.00418,0
"a[5,47]",0.41547,0.03779,0.42937,0.33903,0.46894,1
"a[1,48]",0.2384,0.03726,0.25409,0.17858,0.29232,1
"a[2,48]",0.00304,0.00209,0.00276,-0.00129,0.00788,0
"a[3,48]",-0.02389,0.01431,-0.02194,-0.05659,0.00066,0
"a[4,48]",0.00035,0.00186,-4e-05,-0.00402,0.00378,0
"a[5,48]",0.41535,0.03815,0.42961,0.33588,0.46972,1
"a[1,49]",0.23831,0.03702,0.25405,0.17891,0.2906,1
"a[2,49]",0.00306,0.00213,0.00279,-0.00131,0.00809,0
"a[3,49]",-0.02358,0.01416,-0.02154,-0.05832,-8e-05,1
"a[4,49]",0.00035,0.00196,-4e-05,-0.00421,0.00409,0
"a[5,49]",0.41555,0.03815,0.43003,0.33761,0.46952,1
"a[1,50]",0.238,0.03671,0.25342,0.1793,0.29125,1
"a[2,50]",0.00337,0.00209,0.00296,-0.00036,0.00842,0
"a[3,50]",-0.02326,0.01415,-0.02137,-0.05537,0.00096,0
"a[4,50]",0.00025,0.00187,-4e-05,-0.00418,0.00371,0
"a[5,50]",0.41952,0.03551,0.43131,0.347,0.47367,1
"a[1,51]",0.23834,0.03735,0.25387,0.178,0.29267,1
"a[2,51]",0.00304,0.00206,0.0028,-0.00134,0.00779,0
"a[3,51]",-0.02382,0.0142,-0.02212,-0.05657,0.00333,0
"a[4,51]",0.00033,0.00195,-4e-05,-0.00416,0.00404,0
"a[5,51]",0.41571,0.0379,0.42981,0.3395,0.46951,1
"a[1,52]",0.23855,0.03716,0.25445,0.17903,0.2917,1
"a[2,52]",0.00304,0.00201,0.00278,-0.00102,0.0077,0
"a[3,52]",-0.02398,0.01353,-0.02211,-0.05436,-4e-05,1
"a[4,52]",0.00045,0.00188,-4e-05,-0.00357,0.00434,0
"a[5,52]",0.41556,0.03778,0.42875,0.33977,0.46989,1
"a[1,53]",0.23862,0.03723,0.25453,0.17923,0.29223,1
"a[2,53]",0.00286,0.00208,0.00263,-0.00165,0.00751,0
"a[3,53]",-0.02352,0.01455,-0.02173,-0.05737,0.00223,0
"a[4,53]",0.00038,0.00196,-4e-05,-0.00409,0.00422,0
"a[5,53]",0.41535,0.0379,0.42899,0.33694,0.46777,1
"a[1,54]",0.23863,0.03738,0.25418,0.17873,0.29209,1
"a[2,54]",0.00292,0.00208,0.00269,-0.00138,0.00751,0
"a[3,54]",-0.02409,0.01439,-0.02201,-0.05634,-4e-05,1
"a[4,54]",0.00036,0.0019,-4e-05,-0.00401,0.00411,0
"a[5,54]",0.41512,0.03801,0.42927,0.33807,0.46749,1
"a[1,55]",0.23791,0.03695,0.25395,0.17856,0.29018,1
"a[2,55]",0.00299,0.00199,0.00276,-0.00124,0.00747,0
"a[3,55]",-0.02373,0.01424,-0.02172,-0.05622,0.00162,0
"a[4,55]",0.00042,0.00187,-4e-05,-0.00357,0.00407,0
"a[5,55]",0.41645,0.03792,0.42953,0.33854,0.47116,1
"a[1,56]",0.23819,0.03696,0.25431,0.17777,0.29223,1
"a[2,56]",0.00293,0.00204,0.00272,-0.00165,0.00742,0
"a[3,56]",-0.0239,0.01402,-0.02203,-0.05875,0.00017,0
"a[4,56]",0.00035,0.00191,-4e-05,-0.00411,0.00406,0
"a[5,56]",0.41589,0.0371,0.42904,0.33981,0.46731,1
"a[1,57]",0.23856,0.03751,0.25474,0.17785,0.29343,1
"a[2,57]",0.003,0.00203,0.00273,-0.00139,0.00772,0
"a[3,57]",-0.02358,0.01394,-0.02183,-0.05782,-0.00028,1
"a[4,57]",0.00037,0.00185,-4e-05,-0.00366,0.00399,0
"a[5,57]",0.41533,0.03819,0.42982,0.33715,0.47007,1
"a[1,58]",0.23865,0.03719,0.25493,0.1791,0.29218,1
"a[2,58]",0.00287,0.00199,0.00265,-0.00139,0.00719,0
"a[3,58]",-0.02334,0.01398,-0.0218,-0.05626,0.00078,0
"a[4,58]",0.00034,0.00188,-4e-05,-0.00395,0.00386,0
"a[5,58]",0.41511,0.03868,0.4293,0.33585,0.47003,1
"a[1,59]",0.2385,0.03738,0.25432,0.17801,0.29416,1
"a[2,59]",0.00283,0.00194,0.00262,-0.00141,0.00726,0
"a[3,59]",-0.02356,0.01368,-0.02179,-0.05596,0.00094,0
"a[4,59]",0.00028,0.00182,-4e-05,-0.00405,0.00372,0
"a[5,59]",0.41674,0.03735,0.43044,0.34133,0.4714,1
"a[1,60]",0.23861,0.03722,0.25468,0.17882,0.29305,1
"a[2,60]",0.00299,0.00198,0.00275,-0.00112,0.00753,0
"a[3,60]",-0.0234,0.01384,-0.02146,-0.05598,0.00158,0
"a[4,60]",4e-04,0.00183,-4e-05,-0.0035,0.004,0
"a[5,60]",0.41556,0.03753,0.42971,0.34093,0.46796,1
"a[1,61]",0.23856,0.03712,0.25472,0.17906,0.29201,1
"a[2,61]",0.00291,0.00195,0.00269,-0.00143,0.00729,0
"a[3,61]",-0.02391,0.0141,-0.02179,-0.05668,0.00059,0
"a[4,61]",0.00038,0.00184,-4e-05,-0.00363,0.00391,0
"a[5,61]",0.41701,0.03718,0.43019,0.34237,0.47014,1
"a[1,62]",0.23832,0.0372,0.25388,0.17914,0.2925,1
"a[2,62]",0.00294,0.00196,0.00268,-0.00127,0.00743,0
"a[3,62]",-0.02412,0.01437,-0.02192,-0.05849,0.00061,0
"a[4,62]",0.00039,0.00185,-3e-05,-0.0038,0.00417,0
"a[5,62]",0.41796,0.0368,0.43117,0.34309,0.47222,1
"a[1,63]",0.23823,0.03709,0.25384,0.17859,0.29024,1
"a[2,63]",0.00287,0.00203,0.00265,-0.00151,0.00719,0
"a[3,63]",-0.02388,0.01379,-0.02228,-0.05632,0.00043,0
"a[4,63]",0.00028,0.00192,-5e-05,-0.00444,0.00385,0
"a[5,63]",0.41611,0.03747,0.43035,0.34076,0.46847,1
"a[1,64]",0.23805,0.03696,0.25339,0.17812,0.29208,1
"a[2,64]",0.00308,0.00203,0.0028,-0.00127,0.00796,0
"a[3,64]",-0.02388,0.0141,-0.02191,-0.05625,0.00024,0
"a[4,64]",0.00042,0.00184,-4e-05,-0.00357,0.00401,0
"a[5,64]",0.41699,0.0367,0.42973,0.3431,0.47196,1
"a[1,65]",0.23795,0.03679,0.2539,0.17821,0.28867,1
"a[2,65]",0.00298,0.00199,0.00275,-0.00138,0.00747,0
"a[3,65]",-0.02375,0.01377,-0.02169,-0.05748,-0.001,1
"a[4,65]",4e-04,0.00183,-3e-05,-0.00372,0.00392,0
"a[5,65]",0.41633,0.03758,0.42973,0.34005,0.46975,1
"a[1,66]",0.23871,0.03715,0.25407,0.18005,0.29389,1
"a[2,66]",0.00294,0.00206,0.00266,-0.00135,0.00755,0
"a[3,66]",-0.02361,0.01383,-0.02153,-0.05594,0.00046,0
"a[4,66]",0.00039,0.00185,-4e-05,-0.00372,0.00396,0
"a[5,66]",0.41506,0.03857,0.42905,0.33516,0.46888,1
"a[1,67]",0.23806,0.03702,0.25322,0.17877,0.29273,1
"a[2,67]",0.00294,0.00192,0.00269,-0.00115,0.00732,0
"a[3,67]",-0.0244,0.01444,-0.02245,-0.05835,0.00131,0
"a[4,67]",0.00035,0.0018,-4e-05,-0.00364,0.00377,0
"a[5,67]",0.41704,0.03741,0.43058,0.33961,0.46983,1
"a[1,68]",0.23757,0.03683,0.25322,0.17852,0.2902,1
"a[2,68]",0.0029,0.00195,0.00263,-0.00121,0.0074,0
"a[3,68]",-0.02515,0.01435,-0.02303,-0.06123,-0.00174,1
"a[4,68]",0.00025,0.00192,-4e-05,-0.00436,0.00387,0
"a[5,68]",0.42031,0.03587,0.4328,0.34773,0.47459,1
"a[1,69]",0.2381,0.03692,0.25389,0.17879,0.29064,1
"a[2,69]",0.00303,0.00196,0.00274,-0.00108,0.00764,0
"a[3,69]",-0.02424,0.01416,-0.02202,-0.05867,-4e-04,1
"a[4,69]",0.00048,0.0018,-3e-05,-0.0034,0.00403,0
"a[5,69]",0.41673,0.03704,0.42995,0.34333,0.47025,1
"a[1,70]",0.23834,0.03709,0.25343,0.17877,0.2916,1
"a[2,70]",0.00304,0.00194,0.00276,-0.00098,0.00732,0
"a[3,70]",-0.0244,0.0145,-0.02196,-0.05963,0.00021,0
"a[4,70]",0.00037,0.00192,-4e-05,-0.00415,0.00402,0
"a[5,70]",0.41718,0.03685,0.43003,0.34338,0.47068,1
"a[1,71]",0.23862,0.03744,0.25479,0.17855,0.29165,1
"a[2,71]",0.00287,0.00205,0.00263,-0.00151,0.0075,0
"a[3,71]",-0.02321,0.01398,-0.02112,-0.05521,0.0021,0
"a[4,71]",0.00032,0.00187,-4e-05,-0.00399,0.00402,0
"a[5,71]",0.41474,0.038,0.42811,0.33585,0.46848,1
"a[1,72]",0.2379,0.03703,0.25381,0.17833,0.29011,1
"a[2,72]",0.00276,0.00202,0.0026,-0.0017,0.00731,0
"a[3,72]",-0.02338,0.0141,-0.02171,-0.05549,0.00274,0
"a[4,72]",0.00029,0.00187,-4e-05,-0.00416,0.00361,0
"a[5,72]",0.41623,0.03737,0.43014,0.34002,0.4685,1
"a[1,73]",0.23857,0.03731,0.2546,0.17893,0.293,1
"a[2,73]",0.00298,0.002,0.0027,-0.00101,0.00753,0
"a[3,73]",-0.02333,0.01402,-0.02142,-0.05564,0.00113,0
"a[4,73]",0.00037,0.00191,-4e-05,-0.00392,0.00417,0
"a[5,73]",0.41612,0.03796,0.42972,0.33726,0.47134,1
"a[1,74]",0.23813,0.03706,0.2541,0.17822,0.29228,1
"a[2,74]",0.00288,0.00197,0.00265,-0.0016,0.00735,0
"a[3,74]",-0.0236,0.01426,-0.02202,-0.05521,0.00162,0
"a[4,74]",0.00033,0.00199,-4e-05,-0.00412,0.004,0
"a[5,74]",0.41604,0.03778,0.4302,0.33702,0.46983,1
"a[1,75]",0.23801,0.0369,0.25376,0.1786,0.28978,1
"a[2,75]",0.0029,0.00195,0.00268,-0.00135,0.0071,0
"a[3,75]",-0.02364,0.01419,-0.02156,-0.05682,0.00072,0
"a[4,75]",0.00032,0.00189,-4e-05,-0.00421,0.00388,0
"a[5,75]",0.41681,0.03733,0.43036,0.34272,0.46943,1
"a[1,76]",0.23834,0.03721,0.25415,0.17895,0.29236,1
"a[2,76]",0.00279,0.00201,0.00262,-0.00167,0.00734,0
"a[3,76]",-0.02358,0.01423,-0.02199,-0.05551,0.00151,0
"a[4,76]",0.00026,0.0019,-4e-05,-0.00434,0.00382,0
"a[5,76]",0.41602,0.03718,0.4295,0.33923,0.46828,1
"a[1,77]",0.23852,0.03723,0.25399,0.17935,0.29087,1
"a[2,77]",0.00298,0.00193,0.00273,-0.00111,0.00746,0
"a[3,77]",-0.02327,0.01383,-0.02154,-0.05562,0.00063,0
"a[4,77]",0.00033,0.00177,-4e-05,-0.0036,0.00371,0
"a[5,77]",0.41524,0.03829,0.42909,0.33638,0.47024,1
"a[1,78]",0.23813,0.03702,0.25394,0.17787,0.28951,1
"a[2,78]",0.00298,0.00206,0.00271,-0.00133,0.00765,0
"a[3,78]",-0.02333,0.01442,-0.02139,-0.05777,0.00279,0
"a[4,78]",0.00038,0.00192,-4e-05,-0.00394,0.00423,0
"a[5,78]",0.41526,0.03796,0.42841,0.33766,0.46833,1
"a[1,79]",0.2382,0.03731,0.25436,0.17776,0.29151,1
"a[2,79]",0.00301,0.00205,0.00271,-0.00102,0.00768,0
"a[3,79]",-0.02393,0.01422,-0.02221,-0.05832,0.00013,0
"a[4,79]",0.00038,0.00194,-4e-05,-0.00412,0.00427,0
"a[5,79]",0.41542,0.03808,0.42918,0.33554,0.46958,1
"a[1,80]",0.23843,0.03738,0.2537,0.17846,0.29315,1
"a[2,80]",0.00303,0.00205,0.00278,-0.0012,0.00764,0
"a[3,80]",-0.02352,0.01398,-0.02168,-0.05484,0.0012,0
"a[4,80]",0.00033,0.00199,-4e-05,-0.0043,0.00404,0
"a[5,80]",0.4157,0.03751,0.42868,0.34061,0.4685,1
"a[1,81]",0.23896,0.03749,0.25475,0.17821,0.29346,1
"a[2,81]",0.00298,0.00208,0.00271,-0.00126,0.00775,0
"a[3,81]",-0.02348,0.01421,-0.02165,-0.05571,0.00137,0
"a[4,81]",0.00037,0.00195,-4e-05,-0.00409,0.00421,0
"a[5,81]",0.41464,0.03862,0.42906,0.33481,0.46911,1
"a[1,82]",0.2387,0.03719,0.25432,0.17889,0.29369,1
"a[2,82]",0.00304,0.00207,0.00275,-0.00122,0.00772,0
"a[3,82]",-0.02383,0.01378,-0.02208,-0.05459,0.00053,0
"a[4,82]",0.00038,0.00191,-4e-05,-0.00393,0.004,0
"a[5,82]",0.41512,0.03798,0.42932,0.33666,0.46658,1
"a[1,83]",0.23807,0.03707,0.25385,0.17832,0.2924,1
"a[2,83]",0.003,0.00205,0.00273,-0.00138,0.00751,0
"a[3,83]",-0.02372,0.01431,-0.02198,-0.05763,0.0022,0
"a[4,83]",0.00039,0.00188,-4e-05,-0.00373,0.00399,0
"a[5,83]",0.41541,0.03834,0.42996,0.33466,0.47006,1
"a[1,84]",0.23831,0.03719,0.25391,0.17866,0.29283,1
"a[2,84]",0.00299,0.00209,0.00275,-0.00156,0.00767,0
"a[3,84]",-0.02388,0.01418,-0.02175,-0.05785,0.00152,0
"a[4,84]",0.00036,0.00195,-4e-05,-0.00412,0.00412,0
"a[5,84]",0.41546,0.0384,0.43016,0.33495,0.47085,1
"a[1,85]",0.23839,0.03726,0.25406,0.17835,0.29187,1
"a[2,85]",0.003,0.00204,0.00274,-0.0011,0.00767,0
"a[3,85]",-0.02378,0.01463,-0.0218,-0.05647,0.00202,0
"a[4,85]",0.00035,0.0019,-4e-05,-0.00416,0.00386,0
"a[5,85]",0.41574,0.03826,0.42994,0.33708,0.47024,1
"a[1,86]",0.23867,0.03701,0.25475,0.1799,0.29094,1
"a[2,86]",0.00301,0.00209,0.00276,-0.0013,0.00771,0
"a[3,86]",-0.02361,0.0138,-0.02161,-0.0565,3e-04,0
"a[4,86]",0.00036,0.00188,-4e-05,-0.00405,0.00409,0
"a[5,86]",0.41549,0.03792,0.42855,0.33566,0.47072,1
"a[1,87]",0.23856,0.03709,0.25464,0.17839,0.29172,1
"a[2,87]",0.00303,0.0021,0.00278,-0.00148,0.0076,0
"a[3,87]",-0.02351,0.01388,-0.0216,-0.05463,0.00186,0
"a[4,87]",0.00032,0.00191,-4e-05,-0.00393,0.00396,0
"a[5,87]",0.41457,0.03832,0.42809,0.33641,0.46928,1
"a[1,88]",0.23839,0.03731,0.25379,0.17802,0.29212,1
"a[2,88]",0.00297,0.0021,0.00268,-0.00136,0.00804,0
"a[3,88]",-0.02332,0.0139,-0.02142,-0.05409,0.00058,0
"a[4,88]",0.00032,0.00192,-4e-05,-0.00412,0.00377,0
"a[5,88]",0.41511,0.03841,0.42919,0.33682,0.46731,1
"a[1,89]",0.23834,0.03722,0.25374,0.17889,0.29302,1
"a[2,89]",0.00308,0.0021,0.00274,-0.00102,0.00818,0
"a[3,89]",-0.02401,0.01439,-0.0223,-0.05688,0.00092,0
"a[4,89]",0.00035,0.00198,-4e-05,-0.00437,0.00398,0
"a[5,89]",0.41475,0.03865,0.42869,0.33267,0.46997,1
"a[1,90]",0.23864,0.03741,0.25382,0.17871,0.2957,1
"a[2,90]",0.00297,0.00205,0.0027,-0.00125,0.00772,0
"a[3,90]",-0.02396,0.01427,-0.02207,-0.05683,0.00053,0
"a[4,90]",0.00032,0.00192,-4e-05,-0.00393,0.00385,0
"a[5,90]",0.41497,0.03816,0.42928,0.33866,0.46862,1
"a[1,91]",0.23822,0.0371,0.25317,0.17935,0.29255,1
"a[2,91]",0.003,0.00209,0.00274,-0.00128,0.00767,0
"a[3,91]",-0.02383,0.01398,-0.02209,-0.05535,0.00041,0
"a[4,91]",0.00031,0.00194,-4e-05,-0.00417,0.0039,0
"a[5,91]",0.41554,0.03786,0.42862,0.33727,0.46889,1
"a[1,92]",0.23863,0.03733,0.25429,0.17821,0.29325,1
"a[2,92]",0.00294,0.00208,0.00268,-0.00134,0.0076,0
"a[3,92]",-0.02353,0.01465,-0.02164,-0.05859,0.00366,0
"a[4,92]",0.00037,0.00191,-4e-05,-0.00424,0.00401,0
"a[5,92]",0.41492,0.03825,0.42819,0.3364,0.46832,1
"a[1,93]",0.23881,0.0374,0.25478,0.17802,0.29242,1
"a[2,93]",0.00303,0.00204,0.00276,-0.00113,0.00777,0
"a[3,93]",-0.02358,0.01403,-0.02179,-0.05671,0.00136,0
"a[4,93]",0.00031,0.00189,-4e-05,-0.00415,0.00393,0
"a[5,93]",0.41446,0.03792,0.42853,0.33609,0.46625,1
"a[1,94]",0.23826,0.0371,0.25344,0.1781,0.29195,1
"a[2,94]",0.00301,0.00211,0.00276,-0.00141,0.0078,0
"a[3,94]",-0.02345,0.01382,-0.02179,-0.05488,0.00063,0
"a[4,94]",0.00038,0.00193,-4e-05,-0.004,0.00432,0
"a[5,94]",0.41508,0.03808,0.4293,0.33544,0.46746,1
"a[1,95]",0.23855,0.03715,0.25408,0.17866,0.29125,1
"a[2,95]",0.00298,0.00214,0.00274,-0.00174,0.00774,0
"a[3,95]",-0.02375,0.01427,-0.02189,-0.05547,0.00157,0
"a[4,95]",0.00034,0.00188,-4e-05,-0.00389,0.00407,0
"a[5,95]",0.41516,0.0385,0.42904,0.33636,0.4698,1
"a[1,96]",0.2387,0.03721,0.25402,0.17922,0.29286,1
"a[2,96]",0.00296,0.00206,0.00271,-0.00127,0.00752,0
"a[3,96]",-0.02348,0.01422,-0.02172,-0.05566,0.00159,0
"a[4,96]",4e-04,0.0019,-4e-05,-0.00416,0.00411,0
"a[5,96]",0.41474,0.03851,0.42909,0.33518,0.46812,1
"a[1,97]",0.23855,0.03743,0.25403,0.17889,0.29393,1
"a[2,97]",0.00301,0.00205,0.00273,-0.00131,0.00757,0
"a[3,97]",-0.02365,0.01401,-0.02175,-0.05542,0.00152,0
"a[4,97]",0.00036,0.00196,-4e-05,-0.00425,0.00408,0
"a[5,97]",0.41506,0.03821,0.42795,0.3337,0.47109,1
"a[1,98]",0.23855,0.0373,0.25409,0.17918,0.29214,1
"a[2,98]",0.00297,0.00213,0.00269,-0.00138,0.00772,0
"a[3,98]",-0.0234,0.01379,-0.02177,-0.05387,0.00195,0
"a[4,98]",0.00038,0.00191,-4e-05,-0.00395,0.00404,0
"a[5,98]",0.41549,0.03804,0.4293,0.33726,0.46944,1
"a[1,99]",0.2382,0.03692,0.25365,0.17948,0.29169,1
"a[2,99]",0.0031,0.00208,0.00273,-0.00113,0.00799,0
"a[3,99]",-0.02389,0.01432,-0.02204,-0.05665,0.00177,0
"a[4,99]",0.00043,0.00196,-4e-05,-0.00402,0.00422,0
"a[5,99]",0.41442,0.038,0.42784,0.33777,0.46621,1
"a[1,100]",0.23785,0.03693,0.25365,0.17843,0.28958,1
"a[2,100]",0.00308,0.00207,0.00278,-0.00101,0.0079,0
"a[3,100]",-0.02385,0.01399,-0.02218,-0.05691,0.00084,0
"a[4,100]",0.00041,0.00194,-4e-05,-0.00401,0.00411,0
"a[5,100]",0.4137,0.0387,0.42713,0.33354,0.46555,1
"a[1,101]",0.23808,0.03703,0.25399,0.17809,0.2912,1
"a[2,101]",0.00286,0.00199,0.00268,-0.00167,0.00724,0
"a[3,101]",-0.02338,0.01422,-0.02158,-0.0549,0.00238,0
"a[4,101]",4e-04,0.00186,-4e-05,-0.00394,0.00407,0
"a[5,101]",0.41402,0.03842,0.42829,0.33474,0.46614,1
"a[1,102]",0.23728,0.03678,0.25281,0.17731,0.2895,1
"a[2,102]",0.00292,0.00209,0.00267,-0.00182,0.00731,0
"a[3,102]",-0.02341,0.01388,-0.02136,-0.05409,0.00149,0
"a[4,102]",0.00036,0.00188,-4e-05,-0.00384,0.00394,0
"a[5,102]",0.41963,0.03567,0.43201,0.347,0.47367,1
"a[1,103]",0.2379,0.03692,0.25359,0.17803,0.29013,1
"a[2,103]",0.00314,0.00204,0.00282,-0.00096,0.0079,0
"a[3,103]",-0.02319,0.0143,-0.02157,-0.05511,0.00174,0
"a[4,103]",0.00042,0.0019,-4e-05,-0.0039,0.00406,0
"a[5,103]",0.4184,0.03609,0.43202,0.3458,0.47202,1
"a[1,104]",0.23821,0.03689,0.2534,0.17886,0.29171,1
"a[2,104]",0.00312,0.00204,0.00278,-0.00087,0.00799,0
"a[3,104]",-0.02393,0.01428,-0.02195,-0.05674,0.00102,0
"a[4,104]",0.00036,0.00201,-4e-05,-0.00419,0.0044,0
"a[5,104]",0.4142,0.03891,0.42862,0.33565,0.46683,1
"a[1,105]",0.23814,0.03695,0.2539,0.17865,0.29137,1
"a[2,105]",0.0032,0.00212,0.00285,-0.00089,0.00818,0
"a[3,105]",-0.02382,0.01418,-0.02185,-0.05742,0.00036,0
"a[4,105]",0.00034,0.00193,-4e-05,-0.00419,0.00385,0
"a[5,105]",0.41496,0.03794,0.42884,0.33995,0.46805,1
"a[1,106]",0.23784,0.03684,0.25351,0.17788,0.29066,1
"a[2,106]",0.00303,0.00209,0.00273,-0.00141,0.00786,0
"a[3,106]",-0.02351,0.01421,-0.02159,-0.05586,0.00192,0
"a[4,106]",3e-04,0.00196,-4e-05,-0.00443,0.00398,0
"a[5,106]",0.41446,0.03816,0.42866,0.33607,0.46759,1
"a[1,107]",0.23815,0.03702,0.2541,0.17828,0.29175,1
"a[2,107]",0.0031,0.00205,0.00277,-0.00108,0.00789,0
"a[3,107]",-0.02412,0.01438,-0.02225,-0.05696,0.00035,0
"a[4,107]",0.00039,0.00189,-4e-05,-0.0039,0.00411,0
"a[5,107]",0.41399,0.03922,0.42813,0.3313,0.46831,1
"a[1,108]",0.23845,0.03727,0.2541,0.1787,0.2935,1
"a[2,108]",0.00322,0.00205,0.00289,-0.00079,0.00827,0
"a[3,108]",-0.0238,0.01428,-0.0221,-0.05692,0.00108,0
"a[4,108]",0.00034,0.00188,-4e-05,-0.00391,0.004,0
"a[5,108]",0.41466,0.03838,0.42841,0.33471,0.46874,1
"a[1,109]",0.23845,0.03697,0.25399,0.17889,0.2913,1
"a[2,109]",0.003,0.00198,0.00272,-0.00108,0.00754,0
"a[3,109]",-0.02387,0.01391,-0.02204,-0.0557,0.00018,0
"a[4,109]",0.00042,0.00193,-4e-05,-0.00379,0.00436,0
"a[5,109]",0.41495,0.03842,0.42887,0.33544,0.46828,1
"a[1,110]",0.23842,0.03719,0.25394,0.17952,0.29184,1
"a[2,110]",0.00283,0.00202,0.0026,-0.00169,0.00735,0
"a[3,110]",-0.0232,0.01362,-0.02174,-0.05353,0.0021,0
"a[4,110]",0.00034,0.00186,-4e-05,-0.0039,0.0039,0
"a[5,110]",0.41442,0.03871,0.42816,0.33392,0.46824,1
"a[1,111]",0.23831,0.03696,0.25446,0.18031,0.29108,1
"a[2,111]",0.003,0.00215,0.00274,-0.00156,0.00806,0
"a[3,111]",-0.02383,0.01403,-0.02199,-0.05656,0.00023,0
"a[4,111]",0.00034,0.00194,-4e-05,-0.00396,0.00403,0
"a[5,111]",0.41606,0.03796,0.42978,0.33816,0.47115,1
"a[1,112]",0.23836,0.0371,0.25403,0.17912,0.29126,1
"a[2,112]",0.00293,0.00204,0.00267,-0.00148,0.00743,0
"a[3,112]",-0.02358,0.01375,-0.02191,-0.05452,0.00128,0
"a[4,112]",0.00034,0.00189,-4e-05,-0.00425,0.00394,0
"a[5,112]",0.41371,0.03899,0.42784,0.3328,0.46658,1
"a[1,113]",0.23796,0.03685,0.25353,0.17802,0.29007,1
"a[2,113]",0.00302,0.00213,0.00276,-0.00156,0.00785,0
"a[3,113]",-0.02345,0.0139,-0.02149,-0.05552,0.00069,0
"a[4,113]",0.00033,0.0019,-4e-05,-0.00386,0.00411,0
"a[5,113]",0.41568,0.03773,0.42966,0.33838,0.46835,1
"a[1,114]",0.23843,0.03742,0.25409,0.17838,0.29301,1
"a[2,114]",0.00314,0.00205,0.00282,-0.00089,0.00792,0
"a[3,114]",-0.02363,0.0141,-0.02143,-0.05661,0.0016,0
"a[4,114]",0.00042,0.00189,-4e-05,-0.00382,0.00414,0
"a[5,114]",0.41435,0.03838,0.42811,0.3368,0.46774,1
"a[1,115]",0.23858,0.03725,0.25448,0.17892,0.29307,1
"a[2,115]",0.00314,0.00205,0.00283,-0.00104,0.00805,0
"a[3,115]",-0.02375,0.01371,-0.02192,-0.05546,9e-04,0
"a[4,115]",0.00049,0.00183,-3e-05,-0.00352,0.00408,0
"a[5,115]",0.41456,0.03862,0.4291,0.33461,0.46899,1
"a[1,116]",0.23815,0.03694,0.25412,0.1784,0.29066,1
"a[2,116]",0.00328,0.00208,0.00289,-0.00066,0.00813,0
"a[3,116]",-0.02414,0.01436,-0.02219,-0.05833,5e-04,0
"a[4,116]",0.00045,0.00194,-3e-05,-0.0038,0.0044,0
"a[5,116]",0.41621,0.03725,0.43018,0.34018,0.46891,1
"alpha[1,1,1]",0.10551,0.08713,0.08544,0.00432,0.31359,1
"alpha[2,1,1]",0.11497,0.09304,0.08982,0.00363,0.34104,1
"alpha[3,1,1]",0.14063,0.10491,0.12141,0.00483,0.38472,1
"alpha[4,1,1]",0.13938,0.10585,0.11652,0.00605,0.38515,1
"alpha[5,1,1]",0.1061,0.0853,0.08694,0.00336,0.31338,1
"alpha[6,1,1]",0.15484,0.10794,0.13677,0.00783,0.4145,1
"alpha[7,1,1]",0.09003,0.077,0.07045,0.00299,0.28765,1
"alpha[8,1,1]",0.06554,0.05787,0.05005,0.00198,0.22134,1
"alpha[9,1,1]",0.08301,0.07203,0.06378,0.00249,0.25903,1
"alpha[10,1,1]",0,0,0,0,0,0.5
"alpha[11,1,1]",0,0,0,0,0,0.5
"alpha[12,1,1]",0,0,0,0,0,0.5
"alpha[1,2,1]",0.06414,0.05772,0.04821,0.00202,0.20585,1
"alpha[2,2,1]",0.0689,0.06068,0.05283,0.00195,0.22421,1
"alpha[3,2,1]",0.07904,0.06701,0.06259,0.00241,0.24467,1
"alpha[4,2,1]",0.07766,0.06859,0.05855,0.00283,0.2567,1
"alpha[5,2,1]",0.0593,0.05492,0.04375,0.00182,0.20717,1
"alpha[6,2,1]",0.0735,0.06094,0.05887,0.00249,0.22525,1
"alpha[7,2,1]",0.06799,0.06016,0.05092,0.00202,0.22591,1
"alpha[8,2,1]",0.07338,0.06403,0.05493,0.00211,0.23199,1
"alpha[9,2,1]",0.0931,0.07821,0.07453,0.00287,0.29845,1
"alpha[10,2,1]",0.11051,0.08257,0.09401,0.00385,0.30301,1
"alpha[11,2,1]",0.12827,0.09344,0.11205,0.00469,0.34329,1
"alpha[12,2,1]",0.1042,0.08536,0.08316,0.00356,0.31624,1
"alpha[1,3,1]",0.08444,0.06806,0.06786,0.00289,0.25116,1
"alpha[2,3,1]",0.08444,0.06806,0.06786,0.00289,0.25116,1
"alpha[3,3,1]",0.10234,0.07631,0.08707,0.00321,0.27587,1
"alpha[4,3,1]",0.10234,0.07631,0.08707,0.00321,0.27587,1
"alpha[5,3,1]",0.08407,0.06567,0.06967,0.00369,0.24551,1
"alpha[6,3,1]",0.08407,0.06567,0.06967,0.00369,0.24551,1
"alpha[7,3,1]",0.07259,0.05948,0.05815,0.00253,0.22769,1
"alpha[8,3,1]",0.07259,0.05948,0.05815,0.00253,0.22769,1
"alpha[9,3,1]",0.0775,0.06372,0.06208,0.00218,0.24035,1
"alpha[10,3,1]",0.0775,0.06372,0.06208,0.00218,0.24035,1
"alpha[11,3,1]",0.07906,0.066,0.06229,0.00261,0.24563,1
"alpha[12,3,1]",0.07906,0.066,0.06229,0.00261,0.24563,1
"alpha[1,4,1]",0.0866,0.0634,0.07486,0.00378,0.23446,1
"alpha[2,4,1]",0.0866,0.0634,0.07486,0.00378,0.23446,1
"alpha[3,4,1]",0.0866,0.0634,0.07486,0.00378,0.23446,1
"alpha[4,4,1]",0.07912,0.06145,0.06663,0.00228,0.22689,1
"alpha[5,4,1]",0.07912,0.06145,0.06663,0.00228,0.22689,1
"alpha[6,4,1]",0.07912,0.06145,0.06663,0.00228,0.22689,1
"alpha[7,4,1]",0.07941,0.06142,0.06472,0.00297,0.22061,1
"alpha[8,4,1]",0.07941,0.06142,0.06472,0.00297,0.22061,1
"alpha[9,4,1]",0.07941,0.06142,0.06472,0.00297,0.22061,1
"alpha[10,4,1]",0.0882,0.0649,0.07481,0.00348,0.23911,1
"alpha[11,4,1]",0.0882,0.0649,0.07481,0.00348,0.23911,1
"alpha[12,4,1]",0.0882,0.0649,0.07481,0.00348,0.23911,1
"alpha[1,5,1]",0.0924,0.06681,0.0795,0.00318,0.23544,1
"alpha[2,5,1]",0.0924,0.06681,0.0795,0.00318,0.23544,1
"alpha[3,5,1]",0.0924,0.06681,0.0795,0.00318,0.23544,1
"alpha[4,5,1]",0.07585,0.06067,0.06113,0.00242,0.22542,1
"alpha[5,5,1]",0.07585,0.06067,0.06113,0.00242,0.22542,1
"alpha[6,5,1]",0.07585,0.06067,0.06113,0.00242,0.22542,1
"alpha[7,5,1]",0.08374,0.06222,0.07245,0.00311,0.22465,1
"alpha[8,5,1]",0.08374,0.06222,0.07245,0.00311,0.22465,1
"alpha[9,5,1]",0.08374,0.06222,0.07245,0.00311,0.22465,1
"alpha[10,5,1]",0.08135,0.06137,0.06698,0.00324,0.22767,1
"alpha[11,5,1]",0.08135,0.06137,0.06698,0.00324,0.22767,1
"alpha[12,5,1]",0.08135,0.06137,0.06698,0.00324,0.22767,1
"alpha[1,1,2]",0.1382,0.11207,0.11004,0.00536,0.42725,1
"alpha[2,1,2]",0.13577,0.11097,0.10935,0.00436,0.40727,1
"alpha[3,1,2]",0.1337,0.10807,0.10753,0.00444,0.39568,1
"alpha[4,1,2]",0.10777,0.09615,0.0807,0.00291,0.3486,1
"alpha[5,1,2]",0.09812,0.08891,0.07391,0.00258,0.32591,1
"alpha[6,1,2]",0.09611,0.08332,0.07463,0.00243,0.3038,1
"alpha[7,1,2]",0.09682,0.0852,0.07266,0.00259,0.3166,1
"alpha[8,1,2]",0.09732,0.08568,0.07334,0.00309,0.32209,1
"alpha[9,1,2]",0.09618,0.08669,0.07148,0.0026,0.31765,1
"alpha[10,1,2]",0,0,0,0,0,0.5
"alpha[11,1,2]",0,0,0,0,0,0.5
"alpha[12,1,2]",0,0,0,0,0,0.5
"alpha[1,2,2]",0.07918,0.07102,0.05911,0.00202,0.2675,1
"alpha[2,2,2]",0.0887,0.07796,0.06756,0.00181,0.2825,1
"alpha[3,2,2]",0.08269,0.07369,0.06263,0.0024,0.27411,1
"alpha[4,2,2]",0.08259,0.07832,0.05964,0.00225,0.28596,1
"alpha[5,2,2]",0.07733,0.06897,0.05724,0.0019,0.2536,1
"alpha[6,2,2]",0.07249,0.06613,0.05489,0.00239,0.25434,1
"alpha[7,2,2]",0.07488,0.06546,0.05623,0.0019,0.23119,1
"alpha[8,2,2]",0.07894,0.0681,0.06159,0.00242,0.25084,1
"alpha[9,2,2]",0.08586,0.07811,0.06583,0.00267,0.28766,1
"alpha[10,2,2]",0.08205,0.07679,0.05939,0.00185,0.28012,1
"alpha[11,2,2]",0.09626,0.08337,0.07328,0.00324,0.31515,1
"alpha[12,2,2]",0.09904,0.08272,0.07747,0.00313,0.3049,1
"alpha[1,3,2]",0.09135,0.07098,0.07672,0.0029,0.26056,1
"alpha[2,3,2]",0.09135,0.07098,0.07672,0.0029,0.26056,1
"alpha[3,3,2]",0.09603,0.07849,0.07555,0.00306,0.29282,1
"alpha[4,3,2]",0.09603,0.07849,0.07555,0.00306,0.29282,1
"alpha[5,3,2]",0.07771,0.06355,0.06257,0.00285,0.24213,1
"alpha[6,3,2]",0.07771,0.06355,0.06257,0.00285,0.24213,1
"alpha[7,3,2]",0.07367,0.06233,0.05867,0.00231,0.2302,1
"alpha[8,3,2]",0.07367,0.06233,0.05867,0.00231,0.2302,1
"alpha[9,3,2]",0.07503,0.06417,0.05828,0.00199,0.23762,1
"alpha[10,3,2]",0.07503,0.06417,0.05828,0.00199,0.23762,1
"alpha[11,3,2]",0.08621,0.06901,0.07052,0.00332,0.25424,1
"alpha[12,3,2]",0.08621,0.06901,0.07052,0.00332,0.25424,1
"alpha[1,4,2]",0.09309,0.06695,0.08057,0.00319,0.24039,1
"alpha[2,4,2]",0.09309,0.06695,0.08057,0.00319,0.24039,1
"alpha[3,4,2]",0.09309,0.06695,0.08057,0.00319,0.24039,1
"alpha[4,4,2]",0.07893,0.06185,0.06337,0.00282,0.22622,1
"alpha[5,4,2]",0.07893,0.06185,0.06337,0.00282,0.22622,1
"alpha[6,4,2]",0.07893,0.06185,0.06337,0.00282,0.22622,1
"alpha[7,4,2]",0.07498,0.05947,0.06221,0.00213,0.22247,1
"alpha[8,4,2]",0.07498,0.05947,0.06221,0.00213,0.22247,1
"alpha[9,4,2]",0.07498,0.05947,0.06221,0.00213,0.22247,1
"alpha[10,4,2]",0.08633,0.06485,0.07346,0.0029,0.23463,1
"alpha[11,4,2]",0.08633,0.06485,0.07346,0.0029,0.23463,1
"alpha[12,4,2]",0.08633,0.06485,0.07346,0.0029,0.23463,1
"alpha[1,5,2]",0.09491,0.06704,0.08412,0.00348,0.23963,1
"alpha[2,5,2]",0.09491,0.06704,0.08412,0.00348,0.23963,1
"alpha[3,5,2]",0.09491,0.06704,0.08412,0.00348,0.23963,1
"alpha[4,5,2]",0.08288,0.06347,0.06865,0.00275,0.2337,1
"alpha[5,5,2]",0.08288,0.06347,0.06865,0.00275,0.2337,1
"alpha[6,5,2]",0.08288,0.06347,0.06865,0.00275,0.2337,1
"alpha[7,5,2]",0.07436,0.05774,0.0622,0.00226,0.20778,1
"alpha[8,5,2]",0.07436,0.05774,0.0622,0.00226,0.20778,1
"alpha[9,5,2]",0.07436,0.05774,0.0622,0.00226,0.20778,1
"alpha[10,5,2]",0.08119,0.06225,0.06594,0.00283,0.22774,1
"alpha[11,5,2]",0.08119,0.06225,0.06594,0.00283,0.22774,1
"alpha[12,5,2]",0.08119,0.06225,0.06594,0.00283,0.22774,1
"cum.weight[1,1]",0,0,0,0,0,0.5
"cum.weight[2,1]",0,0,0,0,0,0.5
"cum.weight[3,1]",0,0,0,0,0,0.5
"cum.weight[4,1]",0.02301,0.02046,0.01758,6e-04,0.07445,1
"cum.weight[5,1]",0.0409,0.0255,0.03674,0.00568,0.10344,1
"cum.weight[6,1]",0.06567,0.03246,0.06166,0.01619,0.14081,1
"cum.weight[7,1]",0.10888,0.04257,0.10431,0.03869,0.20501,1
"cum.weight[8,1]",0.13848,0.04811,0.13445,0.05771,0.24566,1
"cum.weight[9,1]",0.17787,0.05426,0.17397,0.08381,0.29285,1
"cum.weight[10,1]",0.21776,0.06002,0.21578,0.10797,0.34443,1
"cum.weight[11,1]",0.25053,0.06516,0.24925,0.13049,0.3854,1
"cum.weight[12,1]",0.28022,0.06817,0.27742,0.15583,0.42359,1
"cum.weight[13,1]",0.31508,0.07064,0.31463,0.1855,0.46041,1
"cum.weight[14,1]",0.35841,0.07238,0.35795,0.22037,0.50169,1
"cum.weight[15,1]",0.39552,0.07294,0.39461,0.25706,0.54211,1
"cum.weight[16,1]",0.42663,0.07351,0.42612,0.2842,0.56838,1
"cum.weight[17,1]",0.45129,0.07513,0.45019,0.30207,0.60012,1
"cum.weight[18,1]",0.47386,0.07487,0.47141,0.32838,0.62166,1
"cum.weight[19,1]",0.49833,0.07516,0.49701,0.3502,0.64507,1
"cum.weight[20,1]",0.51791,0.07501,0.51676,0.37058,0.66434,1
"cum.weight[21,1]",0.54379,0.0745,0.54328,0.39367,0.6827,1
"cum.weight[22,1]",0.57012,0.0735,0.56959,0.42435,0.70848,1
"cum.weight[23,1]",0.59298,0.07342,0.59345,0.44775,0.73719,1
"cum.weight[24,1]",0.61444,0.07308,0.61504,0.46897,0.75433,1
"cum.weight[25,1]",0.62766,0.07152,0.62887,0.48783,0.76485,1
"cum.weight[26,1]",0.64087,0.07231,0.64077,0.49904,0.78081,1
"cum.weight[27,1]",0.65352,0.07106,0.65424,0.51095,0.78983,1
"cum.weight[28,1]",0.66617,0.0716,0.6682,0.52258,0.80131,1
"cum.weight[29,1]",0.67796,0.07052,0.68033,0.53459,0.80935,1
"cum.weight[30,1]",0.68975,0.07096,0.69234,0.54528,0.82144,1
"cum.weight[31,1]",0.70368,0.06967,0.70567,0.55905,0.83477,1
"cum.weight[32,1]",0.71762,0.07051,0.71922,0.57245,0.84928,1
"cum.weight[33,1]",0.73496,0.06731,0.73627,0.59659,0.85749,1
"cum.weight[34,1]",0.75231,0.06749,0.75393,0.60999,0.87157,1
"cum.weight[35,1]",0.76632,0.06425,0.76884,0.6335,0.88095,1
"cum.weight[36,1]",0.78034,0.06335,0.78339,0.64929,0.8925,1
"cum.weight[37,1]",0.78989,0.06095,0.79246,0.66015,0.89609,1
"cum.weight[38,1]",0.79945,0.05973,0.80222,0.67492,0.90288,1
"cum.weight[39,1]",0.809,0.05975,0.81181,0.68419,0.91124,1
"cum.weight[40,1]",0.81741,0.05777,0.82053,0.69553,0.91542,1
"cum.weight[41,1]",0.82583,0.05674,0.83026,0.70408,0.92138,1
"cum.weight[42,1]",0.83424,0.05672,0.83939,0.71347,0.93055,1
"cum.weight[43,1]",0.84263,0.05447,0.84743,0.72534,0.93435,1
"cum.weight[44,1]",0.85102,0.05325,0.85578,0.73304,0.93821,1
"cum.weight[45,1]",0.85941,0.05313,0.8641,0.74096,0.94548,1
"cum.weight[46,1]",0.86871,0.05025,0.87354,0.75728,0.94977,1
"cum.weight[47,1]",0.87801,0.04859,0.88263,0.77385,0.956,1
"cum.weight[48,1]",0.88731,0.04829,0.8925,0.7844,0.96465,1
"cum.weight[49,1]",0.89634,0.0453,0.90133,0.79757,0.9682,1
"cum.weight[50,1]",0.90538,0.0436,0.91041,0.8081,0.97251,1
"cum.weight[51,1]",0.91441,0.04334,0.92002,0.8169,0.97995,1
"cum.weight[52,1]",0.92387,0.03948,0.92932,0.83518,0.98239,1
"cum.weight[53,1]",0.93333,0.03719,0.93982,0.84634,0.98597,1
"cum.weight[54,1]",0.94279,0.03676,0.95028,0.85558,0.99256,1
"cum.weight[55,1]",0.95111,0.03253,0.95844,0.87176,0.99398,1
"cum.weight[56,1]",0.95944,0.02977,0.96672,0.88449,0.99563,1
"cum.weight[57,1]",0.96777,0.02888,0.97593,0.8936,0.99926,1
"cum.weight[58,1]",0.97851,0.01926,0.98395,0.92907,0.99951,1
"cum.weight[59,1]",0.98926,0.00963,0.99198,0.96453,0.99975,1
"cum.weight[60,1]",1,0,1,1,1,1
"cum.weight[1,2]",0,0,0,0,0,0.5
"cum.weight[2,2]",0,0,0,0,0,0.5
"cum.weight[3,2]",0,0,0,0,0,0.5
"cum.weight[4,2]",0.02549,0.02469,0.01752,0.00062,0.09087,1
"cum.weight[5,2]",0.05137,0.0338,0.04451,0.00663,0.13309,1
"cum.weight[6,2]",0.07645,0.0394,0.07086,0.01616,0.16369,1
"cum.weight[7,2]",0.10114,0.04265,0.09616,0.03192,0.19267,1
"cum.weight[8,2]",0.12679,0.04729,0.12159,0.04778,0.22743,1
"cum.weight[9,2]",0.15538,0.05341,0.15126,0.06593,0.2687,1
"cum.weight[10,2]",0.19098,0.06142,0.18673,0.08612,0.32437,1
"cum.weight[11,2]",0.22792,0.06991,0.22264,0.10716,0.37521,1
"cum.weight[12,2]",0.26505,0.07491,0.25962,0.13238,0.41996,1
"cum.weight[13,2]",0.29906,0.07728,0.29403,0.15921,0.46382,1
"cum.weight[14,2]",0.33229,0.07801,0.32999,0.18751,0.49259,1
"cum.weight[15,2]",0.3607,0.07838,0.35628,0.21903,0.52367,1
"cum.weight[16,2]",0.3903,0.07937,0.3875,0.24692,0.55192,1
"cum.weight[17,2]",0.41734,0.08157,0.41545,0.26958,0.58548,1
"cum.weight[18,2]",0.44277,0.08178,0.44146,0.29299,0.60706,1
"cum.weight[19,2]",0.46734,0.08125,0.46802,0.31832,0.62925,1
"cum.weight[20,2]",0.49359,0.08108,0.49168,0.34267,0.65701,1
"cum.weight[21,2]",0.52174,0.08218,0.51972,0.36656,0.68355,1
"cum.weight[22,2]",0.54998,0.08189,0.55038,0.39219,0.70619,1
"cum.weight[23,2]",0.58035,0.08114,0.57884,0.41521,0.73614,1
"cum.weight[24,2]",0.60737,0.08072,0.60912,0.43801,0.76178,1
"cum.weight[25,2]",0.6214,0.07917,0.62326,0.4572,0.77231,1
"cum.weight[26,2]",0.63543,0.0795,0.63769,0.4676,0.78517,1
"cum.weight[27,2]",0.64764,0.07832,0.6508,0.4845,0.7924,1
"cum.weight[28,2]",0.65984,0.07878,0.66345,0.49591,0.80444,1
"cum.weight[29,2]",0.67187,0.07722,0.67638,0.51023,0.81346,1
"cum.weight[30,2]",0.68389,0.07729,0.68819,0.52486,0.82508,1
"cum.weight[31,2]",0.69667,0.07509,0.70006,0.53896,0.83305,1
"cum.weight[32,2]",0.70944,0.07479,0.7144,0.55296,0.84141,1
"cum.weight[33,2]",0.72587,0.07097,0.73043,0.58056,0.85137,1
"cum.weight[34,2]",0.7423,0.0709,0.74693,0.59444,0.86692,1
"cum.weight[35,2]",0.75784,0.06761,0.76341,0.61604,0.87714,1
"cum.weight[36,2]",0.77338,0.06729,0.77964,0.63072,0.89192,1
"cum.weight[37,2]",0.78329,0.06516,0.78958,0.64412,0.89761,1
"cum.weight[38,2]",0.7932,0.06432,0.79884,0.65176,0.90431,1
"cum.weight[39,2]",0.80312,0.06484,0.80787,0.65846,0.9147,1
"cum.weight[40,2]",0.81161,0.0626,0.81736,0.67157,0.9192,1
"cum.weight[41,2]",0.8201,0.06134,0.82652,0.68299,0.92464,1
"cum.weight[42,2]",0.82859,0.06113,0.83606,0.69437,0.93208,1
"cum.weight[43,2]",0.83755,0.05895,0.84453,0.7053,0.93499,1
"cum.weight[44,2]",0.84652,0.05794,0.85408,0.71677,0.94096,1
"cum.weight[45,2]",0.85548,0.05817,0.8625,0.72534,0.94837,1
"cum.weight[46,2]",0.86625,0.05415,0.8731,0.74334,0.95234,1
"cum.weight[47,2]",0.87701,0.05176,0.88358,0.75624,0.95742,1
"cum.weight[48,2]",0.88778,0.05122,0.89459,0.76758,0.9667,1
"cum.weight[49,2]",0.89687,0.04776,0.90365,0.78326,0.96966,1
"cum.weight[50,2]",0.90596,0.04575,0.9137,0.79469,0.9737,1
"cum.weight[51,2]",0.91505,0.04537,0.9236,0.80315,0.98071,1
"cum.weight[52,2]",0.92306,0.04258,0.93114,0.81862,0.98265,1
"cum.weight[53,2]",0.93107,0.04091,0.93946,0.82795,0.9864,1
"cum.weight[54,2]",0.93908,0.04048,0.94779,0.83503,0.99207,1
"cum.weight[55,2]",0.94854,0.0346,0.95617,0.86503,0.99367,1
"cum.weight[56,2]",0.958,0.0305,0.96598,0.8828,0.9956,1
"cum.weight[57,2]",0.96746,0.02894,0.97511,0.89332,0.9992,1
"cum.weight[58,2]",0.97831,0.01929,0.98341,0.92888,0.99946,1
"cum.weight[59,2]",0.98915,0.00965,0.9917,0.96444,0.99973,1
"cum.weight[60,2]",1,0,1,1,1,1
"deviance",34186.59599,8.52771,34186.59669,34170.03992,34203.08597,1
"mu.a[1]",0.23832,0.03605,0.2565,0.18043,0.28348,1
"mu.a[2]",0.003,0.00127,0.00283,0.00061,0.00605,1
"mu.a[3]",-0.02368,0.0096,-0.02162,-0.0454,-0.00801,1
"mu.a[4]",0.00037,0.00131,-4e-05,-0.00265,0.00261,0
"mu.a[5]",0.41563,0.03494,0.4301,0.35017,0.46097,1
"sig",0.81116,0.00485,0.81118,0.80154,0.82039,1
"sig.a[1]",0.00757,0.00488,0.007,0.00077,0.01846,1
"sig.a[2]",0.00127,0.00104,0.00134,1e-05,0.0033,1
"sig.a[3]",0.00877,0.00581,0.0075,0.00183,0.02307,1
"sig.a[4]",0.001,0.00101,0.00085,0,0.00364,1
"sig.a[5]",0.0119,0.0091,0.01063,0.00111,0.03601,1
"weight[1,1,1]",0.02969,0.02616,0.02226,0.00115,0.09554,1
"weight[2,1,1]",0.03277,0.0288,0.02494,0.00098,0.1048,1
"weight[3,1,1]",0.03989,0.03225,0.03285,0.00122,0.11779,1
"weight[4,1,1]",0.03939,0.03196,0.03135,0.00157,0.11758,1
"weight[5,1,1]",0.0296,0.02483,0.02374,0.00091,0.09078,1
"weight[6,1,1]",0.04321,0.03152,0.03794,0.00217,0.11624,1
"weight[7,1,1]",0.02477,0.02152,0.01895,0.00078,0.08124,1
"weight[8,1,1]",0.01789,0.01592,0.01354,0.00056,0.05952,1
"weight[9,1,1]",0.02301,0.02046,0.01758,6e-04,0.07445,1
"weight[10,1,1]",0,0,0,0,0,0.5
"weight[11,1,1]",0,0,0,0,0,0.5
"weight[12,1,1]",0,0,0,0,0,0.5
"weight[1,2,1]",0.02146,0.02,0.0157,0.00059,0.07247,1
"weight[2,2,1]",0.02286,0.0206,0.01743,0.00064,0.07554,1
"weight[3,2,1]",0.02633,0.0233,0.01977,0.00074,0.08682,1
"weight[4,2,1]",0.02588,0.02405,0.01922,9e-04,0.08695,1
"weight[5,2,1]",0.01958,0.01881,0.01401,0.00057,0.07007,1
"weight[6,2,1]",0.02446,0.02088,0.01927,0.00076,0.07729,1
"weight[7,2,1]",0.02257,0.02054,0.01662,0.00072,0.07764,1
"weight[8,2,1]",0.02467,0.0227,0.01813,0.00061,0.08435,1
"weight[9,2,1]",0.03111,0.02727,0.02395,0.00088,0.10109,1
"weight[10,2,1]",0.03711,0.02886,0.03066,0.00125,0.10549,1
"weight[11,2,1]",0.04333,0.03393,0.03622,0.0014,0.12328,1
"weight[12,2,1]",0.03486,0.02985,0.02681,0.00111,0.10724,1
"weight[1,3,1]",0.01401,0.01246,0.01067,0.00039,0.04645,1
"weight[2,3,1]",0.01401,0.01246,0.01067,0.00039,0.04645,1
"weight[3,3,1]",0.01735,0.01525,0.01317,5e-04,0.0568,1
"weight[4,3,1]",0.01735,0.01525,0.01317,5e-04,0.0568,1
"weight[5,3,1]",0.01393,0.01223,0.0107,0.00046,0.04705,1
"weight[6,3,1]",0.01393,0.01223,0.0107,0.00046,0.04705,1
"weight[7,3,1]",0.01179,0.01034,0.00918,0.00036,0.03909,1
"weight[8,3,1]",0.01179,0.01034,0.00918,0.00036,0.03909,1
"weight[9,3,1]",0.01265,0.01131,0.00968,0.00032,0.04235,1
"weight[10,3,1]",0.01265,0.01131,0.00968,0.00032,0.04235,1
"weight[11,3,1]",0.01322,0.01298,0.0096,0.00039,0.0448,1
"weight[12,3,1]",0.01322,0.01298,0.0096,0.00039,0.0448,1
"weight[1,4,1]",0.0093,0.00819,0.00703,0.00032,0.03019,1
"weight[2,4,1]",0.0093,0.00819,0.00703,0.00032,0.03019,1
"weight[3,4,1]",0.0093,0.00819,0.00703,0.00032,0.03019,1
"weight[4,4,1]",0.00839,0.00769,0.0063,2e-04,0.02854,1
"weight[5,4,1]",0.00839,0.00769,0.0063,2e-04,0.02854,1
"weight[6,4,1]",0.00839,0.00769,0.0063,2e-04,0.02854,1
"weight[7,4,1]",0.00841,0.0076,0.00634,0.00025,0.02798,1
"weight[8,4,1]",0.00841,0.0076,0.00634,0.00025,0.02798,1
"weight[9,4,1]",0.00841,0.0076,0.00634,0.00025,0.02798,1
"weight[10,4,1]",0.00955,0.00867,0.00707,0.00029,0.03193,1
"weight[11,4,1]",0.00955,0.00867,0.00707,0.00029,0.03193,1
"weight[12,4,1]",0.00955,0.00867,0.00707,0.00029,0.03193,1
"weight[1,5,1]",0.01074,0.00963,0.00802,0.00025,0.03547,1
"weight[2,5,1]",0.01074,0.00963,0.00802,0.00025,0.03547,1
"weight[3,5,1]",0.01074,0.00963,0.00802,0.00025,0.03547,1
"weight[4,5,1]",0.00833,0.00776,0.00611,0.00028,0.02885,1
"weight[5,5,1]",0.00833,0.00776,0.00611,0.00028,0.02885,1
"weight[6,5,1]",0.00833,0.00776,0.00611,0.00028,0.02885,1
"weight[7,5,1]",0.00946,0.00848,0.0072,0.00023,0.03212,1
"weight[8,5,1]",0.00946,0.00848,0.0072,0.00023,0.03212,1
"weight[9,5,1]",0.00946,0.00848,0.0072,0.00023,0.03212,1
"weight[10,5,1]",0.00903,0.00802,0.00681,0.00027,0.03014,1
"weight[11,5,1]",0.00903,0.00802,0.00681,0.00027,0.03014,1
"weight[12,5,1]",0.00903,0.00802,0.00681,0.00027,0.03014,1
"weight[1,1,2]",0.03713,0.03287,0.02802,0.00119,0.12156,1
"weight[2,1,2]",0.03693,0.03396,0.02676,0.00107,0.12887,1
"weight[3,1,2]",0.0356,0.03077,0.02749,0.00096,0.11421,1
"weight[4,1,2]",0.0286,0.02766,0.02035,0.00066,0.10307,1
"weight[5,1,2]",0.02564,0.02476,0.01806,0.00064,0.09094,1
"weight[6,1,2]",0.0247,0.02175,0.01874,0.00068,0.08081,1
"weight[7,1,2]",0.02508,0.02313,0.01841,6e-04,0.08823,1
"weight[8,1,2]",0.02588,0.02455,0.01866,0.00071,0.09079,1
"weight[9,1,2]",0.02549,0.02469,0.01752,0.00062,0.09087,1
"weight[10,1,2]",0,0,0,0,0,0.5
"weight[11,1,2]",0,0,0,0,0,0.5
"weight[12,1,2]",0,0,0,0,0,0.5
"weight[1,2,2]",0.02703,0.0253,0.01937,0.00061,0.09322,1
"weight[2,2,2]",0.03037,0.02797,0.02253,0.00062,0.10004,1
"weight[3,2,2]",0.02825,0.0262,0.02055,0.00071,0.09958,1
"weight[4,2,2]",0.02815,0.02825,0.01975,7e-04,0.10049,1
"weight[5,2,2]",0.02624,0.02453,0.0193,0.00063,0.09198,1
"weight[6,2,2]",0.02458,0.02286,0.01837,0.00075,0.08947,1
"weight[7,2,2]",0.02543,0.0229,0.0186,0.00064,0.0827,1
"weight[8,2,2]",0.02703,0.02472,0.02023,0.00072,0.09431,1
"weight[9,2,2]",0.0296,0.02841,0.02121,0.00088,0.10433,1
"weight[10,2,2]",0.02841,0.02846,0.01954,0.00061,0.10654,1
"weight[11,2,2]",0.03323,0.03084,0.0245,0.00105,0.11241,1
"weight[12,2,2]",0.03401,0.02996,0.02581,0.00099,0.11164,1
"weight[1,3,2]",0.01554,0.01438,0.0115,0.00038,0.05326,1
"weight[2,3,2]",0.01554,0.01438,0.0115,0.00038,0.05326,1
"weight[3,3,2]",0.01643,0.01652,0.01167,0.00048,0.06199,1
"weight[4,3,2]",0.01643,0.01652,0.01167,0.00048,0.06199,1
"weight[5,3,2]",0.01278,0.01203,0.00939,0.00043,0.04436,1
"weight[6,3,2]",0.01278,0.01203,0.00939,0.00043,0.04436,1
"weight[7,3,2]",0.01202,0.0113,0.00859,0.00035,0.04356,1
"weight[8,3,2]",0.01202,0.0113,0.00859,0.00035,0.04356,1
"weight[9,3,2]",0.0122,0.01138,0.00898,0.00028,0.04118,1
"weight[10,3,2]",0.0122,0.01138,0.00898,0.00028,0.04118,1
"weight[11,3,2]",0.01403,0.01226,0.0107,5e-04,0.04382,1
"weight[12,3,2]",0.01403,0.01226,0.0107,5e-04,0.04382,1
"weight[1,4,2]",0.01077,0.00995,0.00776,0.00031,0.03729,1
"weight[2,4,2]",0.01077,0.00995,0.00776,0.00031,0.03729,1
"weight[3,4,2]",0.01077,0.00995,0.00776,0.00031,0.03729,1
"weight[4,4,2]",0.00897,0.00847,0.00629,0.00026,0.03198,1
"weight[5,4,2]",0.00897,0.00847,0.00629,0.00026,0.03198,1
"weight[6,4,2]",0.00897,0.00847,0.00629,0.00026,0.03198,1
"weight[7,4,2]",0.00849,0.00804,0.00624,0.00017,0.03002,1
"weight[8,4,2]",0.00849,0.00804,0.00624,0.00017,0.03002,1
"weight[9,4,2]",0.00849,0.00804,0.00624,0.00017,0.03002,1
"weight[10,4,2]",0.00991,0.00934,0.00732,0.00027,0.03561,1
"weight[11,4,2]",0.00991,0.00934,0.00732,0.00027,0.03561,1
"weight[12,4,2]",0.00991,0.00934,0.00732,0.00027,0.03561,1
"weight[1,5,2]",0.01085,0.00965,0.0083,0.00027,0.03556,1
"weight[2,5,2]",0.01085,0.00965,0.0083,0.00027,0.03556,1
"weight[3,5,2]",0.01085,0.00965,0.0083,0.00027,0.03556,1
"weight[4,5,2]",0.00946,0.00933,0.0066,0.00025,0.03472,1
"weight[5,5,2]",0.00946,0.00933,0.0066,0.00025,0.03472,1
"weight[6,5,2]",0.00946,0.00933,0.0066,0.00025,0.03472,1
"weight[7,5,2]",0.00801,0.00724,0.0061,0.00024,0.02515,1
"weight[8,5,2]",0.00801,0.00724,0.0061,0.00024,0.02515,1
"weight[9,5,2]",0.00801,0.00724,0.0061,0.00024,0.02515,1
"weight[10,5,2]",0.00909,0.00877,0.00658,0.00027,0.03281,1
"weight[11,5,2]",0.00909,0.00877,0.00658,0.00027,0.03281,1
"weight[12,5,2]",0.00909,0.00877,0.00658,0.00027,0.03281,1
"weightOrdered[1,1]",0,0,0,0,0,0.5
"weightOrdered[2,1]",0,0,0,0,0,0.5
"weightOrdered[3,1]",0,0,0,0,0,0.5
"weightOrdered[4,1]",0.02301,0.02046,0.01758,6e-04,0.07445,1
"weightOrdered[5,1]",0.01789,0.01592,0.01354,0.00056,0.05952,1
"weightOrdered[6,1]",0.02477,0.02152,0.01895,0.00078,0.08124,1
"weightOrdered[7,1]",0.04321,0.03152,0.03794,0.00217,0.11624,1
"weightOrdered[8,1]",0.0296,0.02483,0.02374,0.00091,0.09078,1
"weightOrdered[9,1]",0.03939,0.03196,0.03135,0.00157,0.11758,1
"weightOrdered[10,1]",0.03989,0.03225,0.03285,0.00122,0.11779,1
"weightOrdered[11,1]",0.03277,0.0288,0.02494,0.00098,0.1048,1
"weightOrdered[12,1]",0.02969,0.02616,0.02226,0.00115,0.09554,1
"weightOrdered[13,1]",0.03486,0.02985,0.02681,0.00111,0.10724,1
"weightOrdered[14,1]",0.04333,0.03393,0.03622,0.0014,0.12328,1
"weightOrdered[15,1]",0.03711,0.02886,0.03066,0.00125,0.10549,1
"weightOrdered[16,1]",0.03111,0.02727,0.02395,0.00088,0.10109,1
"weightOrdered[17,1]",0.02467,0.0227,0.01813,0.00061,0.08435,1
"weightOrdered[18,1]",0.02257,0.02054,0.01662,0.00072,0.07764,1
"weightOrdered[19,1]",0.02446,0.02088,0.01927,0.00076,0.07729,1
"weightOrdered[20,1]",0.01958,0.01881,0.01401,0.00057,0.07007,1
"weightOrdered[21,1]",0.02588,0.02405,0.01922,9e-04,0.08695,1
"weightOrdered[22,1]",0.02633,0.0233,0.01977,0.00074,0.08682,1
"weightOrdered[23,1]",0.02286,0.0206,0.01743,0.00064,0.07554,1
"weightOrdered[24,1]",0.02146,0.02,0.0157,0.00059,0.07247,1
"weightOrdered[25,1]",0.01322,0.01298,0.0096,0.00039,0.0448,1
"weightOrdered[26,1]",0.01322,0.01298,0.0096,0.00039,0.0448,1
"weightOrdered[27,1]",0.01265,0.01131,0.00968,0.00032,0.04235,1
"weightOrdered[28,1]",0.01265,0.01131,0.00968,0.00032,0.04235,1
"weightOrdered[29,1]",0.01179,0.01034,0.00918,0.00036,0.03909,1
"weightOrdered[30,1]",0.01179,0.01034,0.00918,0.00036,0.03909,1
"weightOrdered[31,1]",0.01393,0.01223,0.0107,0.00046,0.04705,1
"weightOrdered[32,1]",0.01393,0.01223,0.0107,0.00046,0.04705,1
"weightOrdered[33,1]",0.01735,0.01525,0.01317,5e-04,0.0568,1
"weightOrdered[34,1]",0.01735,0.01525,0.01317,5e-04,0.0568,1
"weightOrdered[35,1]",0.01401,0.01246,0.01067,0.00039,0.04645,1
"weightOrdered[36,1]",0.01401,0.01246,0.01067,0.00039,0.04645,1
"weightOrdered[37,1]",0.00955,0.00867,0.00707,0.00029,0.03193,1
"weightOrdered[38,1]",0.00955,0.00867,0.00707,0.00029,0.03193,1
"weightOrdered[39,1]",0.00955,0.00867,0.00707,0.00029,0.03193,1
"weightOrdered[40,1]",0.00841,0.0076,0.00634,0.00025,0.02798,1
"weightOrdered[41,1]",0.00841,0.0076,0.00634,0.00025,0.02798,1
"weightOrdered[42,1]",0.00841,0.0076,0.00634,0.00025,0.02798,1
"weightOrdered[43,1]",0.00839,0.00769,0.0063,2e-04,0.02854,1
"weightOrdered[44,1]",0.00839,0.00769,0.0063,2e-04,0.02854,1
"weightOrdered[45,1]",0.00839,0.00769,0.0063,2e-04,0.02854,1
"weightOrdered[46,1]",0.0093,0.00819,0.00703,0.00032,0.03019,1
"weightOrdered[47,1]",0.0093,0.00819,0.00703,0.00032,0.03019,1
"weightOrdered[48,1]",0.0093,0.00819,0.00703,0.00032,0.03019,1
"weightOrdered[49,1]",0.00903,0.00802,0.00681,0.00027,0.03014,1
"weightOrdered[50,1]",0.00903,0.00802,0.00681,0.00027,0.03014,1
"weightOrdered[51,1]",0.00903,0.00802,0.00681,0.00027,0.03014,1
"weightOrdered[52,1]",0.00946,0.00848,0.0072,0.00023,0.03212,1
"weightOrdered[53,1]",0.00946,0.00848,0.0072,0.00023,0.03212,1
"weightOrdered[54,1]",0.00946,0.00848,0.0072,0.00023,0.03212,1
"weightOrdered[55,1]",0.00833,0.00776,0.00611,0.00028,0.02885,1
"weightOrdered[56,1]",0.00833,0.00776,0.00611,0.00028,0.02885,1
"weightOrdered[57,1]",0.00833,0.00776,0.00611,0.00028,0.02885,1
"weightOrdered[58,1]",0.01074,0.00963,0.00802,0.00025,0.03547,1
"weightOrdered[59,1]",0.01074,0.00963,0.00802,0.00025,0.03547,1
"weightOrdered[60,1]",0.01074,0.00963,0.00802,0.00025,0.03547,1
"weightOrdered[1,2]",0,0,0,0,0,0.5
"weightOrdered[2,2]",0,0,0,0,0,0.5
"weightOrdered[3,2]",0,0,0,0,0,0.5
"weightOrdered[4,2]",0.02549,0.02469,0.01752,0.00062,0.09087,1
"weightOrdered[5,2]",0.02588,0.02455,0.01866,0.00071,0.09079,1
"weightOrdered[6,2]",0.02508,0.02313,0.01841,6e-04,0.08823,1
"weightOrdered[7,2]",0.0247,0.02175,0.01874,0.00068,0.08081,1
"weightOrdered[8,2]",0.02564,0.02476,0.01806,0.00064,0.09094,1
"weightOrdered[9,2]",0.0286,0.02766,0.02035,0.00066,0.10307,1
"weightOrdered[10,2]",0.0356,0.03077,0.02749,0.00096,0.11421,1
"weightOrdered[11,2]",0.03693,0.03396,0.02676,0.00107,0.12887,1
"weightOrdered[12,2]",0.03713,0.03287,0.02802,0.00119,0.12156,1
"weightOrdered[13,2]",0.03401,0.02996,0.02581,0.00099,0.11164,1
"weightOrdered[14,2]",0.03323,0.03084,0.0245,0.00105,0.11241,1
"weightOrdered[15,2]",0.02841,0.02846,0.01954,0.00061,0.10654,1
"weightOrdered[16,2]",0.0296,0.02841,0.02121,0.00088,0.10433,1
"weightOrdered[17,2]",0.02703,0.02472,0.02023,0.00072,0.09431,1
"weightOrdered[18,2]",0.02543,0.0229,0.0186,0.00064,0.0827,1
"weightOrdered[19,2]",0.02458,0.02286,0.01837,0.00075,0.08947,1
"weightOrdered[20,2]",0.02624,0.02453,0.0193,0.00063,0.09198,1
"weightOrdered[21,2]",0.02815,0.02825,0.01975,7e-04,0.10049,1
"weightOrdered[22,2]",0.02825,0.0262,0.02055,0.00071,0.09958,1
"weightOrdered[23,2]",0.03037,0.02797,0.02253,0.00062,0.10004,1
"weightOrdered[24,2]",0.02703,0.0253,0.01937,0.00061,0.09322,1
"weightOrdered[25,2]",0.01403,0.01226,0.0107,5e-04,0.04382,1
"weightOrdered[26,2]",0.01403,0.01226,0.0107,5e-04,0.04382,1
"weightOrdered[27,2]",0.0122,0.01138,0.00898,0.00028,0.04118,1
"weightOrdered[28,2]",0.0122,0.01138,0.00898,0.00028,0.04118,1
"weightOrdered[29,2]",0.01202,0.0113,0.00859,0.00035,0.04356,1
"weightOrdered[30,2]",0.01202,0.0113,0.00859,0.00035,0.04356,1
"weightOrdered[31,2]",0.01278,0.01203,0.00939,0.00043,0.04436,1
"weightOrdered[32,2]",0.01278,0.01203,0.00939,0.00043,0.04436,1
"weightOrdered[33,2]",0.01643,0.01652,0.01167,0.00048,0.06199,1
"weightOrdered[34,2]",0.01643,0.01652,0.01167,0.00048,0.06199,1
"weightOrdered[35,2]",0.01554,0.01438,0.0115,0.00038,0.05326,1
"weightOrdered[36,2]",0.01554,0.01438,0.0115,0.00038,0.05326,1
"weightOrdered[37,2]",0.00991,0.00934,0.00732,0.00027,0.03561,1
"weightOrdered[38,2]",0.00991,0.00934,0.00732,0.00027,0.03561,1
"weightOrdered[39,2]",0.00991,0.00934,0.00732,0.00027,0.03561,1
"weightOrdered[40,2]",0.00849,0.00804,0.00624,0.00017,0.03002,1
"weightOrdered[41,2]",0.00849,0.00804,0.00624,0.00017,0.03002,1
"weightOrdered[42,2]",0.00849,0.00804,0.00624,0.00017,0.03002,1
"weightOrdered[43,2]",0.00897,0.00847,0.00629,0.00026,0.03198,1
"weightOrdered[44,2]",0.00897,0.00847,0.00629,0.00026,0.03198,1
"weightOrdered[45,2]",0.00897,0.00847,0.00629,0.00026,0.03198,1
"weightOrdered[46,2]",0.01077,0.00995,0.00776,0.00031,0.03729,1
"weightOrdered[47,2]",0.01077,0.00995,0.00776,0.00031,0.03729,1
"weightOrdered[48,2]",0.01077,0.00995,0.00776,0.00031,0.03729,1
"weightOrdered[49,2]",0.00909,0.00877,0.00658,0.00027,0.03281,1
"weightOrdered[50,2]",0.00909,0.00877,0.00658,0.00027,0.03281,1
"weightOrdered[51,2]",0.00909,0.00877,0.00658,0.00027,0.03281,1
"weightOrdered[52,2]",0.00801,0.00724,0.0061,0.00024,0.02515,1
"weightOrdered[53,2]",0.00801,0.00724,0.0061,0.00024,0.02515,1
"weightOrdered[54,2]",0.00801,0.00724,0.0061,0.00024,0.02515,1
"weightOrdered[55,2]",0.00946,0.00933,0.0066,0.00025,0.03472,1
"weightOrdered[56,2]",0.00946,0.00933,0.0066,0.00025,0.03472,1
"weightOrdered[57,2]",0.00946,0.00933,0.0066,0.00025,0.03472,1
"weightOrdered[58,2]",0.01085,0.00965,0.0083,0.00027,0.03556,1
"weightOrdered[59,2]",0.01085,0.00965,0.0083,0.00027,0.03556,1
"weightOrdered[60,2]",0.01085,0.00965,0.0083,0.00027,0.03556,1
"weightX[1,1]",0.02734,0.02412,0.02036,0.00107,0.08924,1
"weightX[2,1]",0.03018,0.02669,0.02284,9e-04,0.09719,1
"weightX[3,1]",0.0367,0.0297,0.03018,0.00114,0.10901,1
"weightX[4,1]",0.03624,0.02947,0.02877,0.00146,0.10977,1
"weightX[5,1]",0.02718,0.02272,0.02208,0.00084,0.0823,1
"weightX[6,1]",0.03971,0.02892,0.03486,0.00199,0.10458,1
"weightX[7,1]",0.02273,0.01971,0.01746,0.00074,0.07297,1
"weightX[8,1]",0.01648,0.01477,0.01227,0.00051,0.05496,1
"weightX[9,1]",0.02119,0.01895,0.01624,0.00055,0.06844,1
"weightX[10,1]",0.02673,0.02611,0.019,0.00079,0.09595,1
"weightX[11,1]",0.02789,0.02766,0.01924,0.00072,0.10487,1
"weightX[12,1]",0.02523,0.02306,0.01871,0.00062,0.08549,1
"weightX[13,1]",0.01975,0.01845,0.01452,0.00054,0.06727,1
"weightX[14,1]",0.02103,0.01898,0.01589,0.00058,0.06915,1
"weightX[15,1]",0.0242,0.02139,0.01805,0.00068,0.07944,1
"weightX[16,1]",0.02376,0.02198,0.01783,0.00084,0.08,1
"weightX[17,1]",0.018,0.01728,0.01291,0.00054,0.06384,1
"weightX[18,1]",0.02248,0.01924,0.01793,7e-04,0.07137,1
"weightX[19,1]",0.02079,0.01895,0.01533,0.00066,0.07148,1
"weightX[20,1]",0.02272,0.02098,0.01666,0.00057,0.07675,1
"weightX[21,1]",0.0286,0.02505,0.02216,0.00083,0.09304,1
"weightX[22,1]",0.03426,0.02684,0.02819,0.0011,0.09801,1
"weightX[23,1]",0.03988,0.03149,0.03296,0.00125,0.11483,1
"weightX[24,1]",0.03208,0.0275,0.0245,0.00103,0.09919,1
"weightX[25,1]",0.02577,0.0229,0.01959,7e-04,0.08543,1
"weightX[26,1]",0.03201,0.02833,0.02431,9e-04,0.10497,1
"weightX[27,1]",0.02564,0.02254,0.0197,0.00086,0.08648,1
"weightX[28,1]",0.02168,0.01905,0.01687,0.00068,0.07239,1
"weightX[29,1]",0.02329,0.02087,0.01764,0.00059,0.07851,1
"weightX[30,1]",0.02437,0.02411,0.01764,0.00072,0.08315,1
"weightX[31,1]",0.02563,0.02255,0.01933,0.00087,0.0834,1
"weightX[32,1]",0.0232,0.02143,0.01735,0.00054,0.0797,1
"weightX[33,1]",0.02323,0.02105,0.01746,0.00069,0.07812,1
"weightX[34,1]",0.02635,0.02394,0.01954,0.00081,0.08944,1
"weightX[35,1]",0.02967,0.02665,0.0219,0.00068,0.09817,1
"weightX[36,1]",0.02293,0.02134,0.01688,0.00078,0.07946,1
"weightX[37,1]",0.02613,0.02355,0.01989,0.00067,0.08794,1
"weightX[38,1]",0.02495,0.02222,0.01871,0.00075,0.08325,1
"weightX[1,2]",0.0342,0.03036,0.02572,0.00111,0.11133,1
"weightX[2,2]",0.03401,0.03142,0.02457,0.001,0.11935,1
"weightX[3,2]",0.03278,0.02839,0.02507,0.00089,0.10525,1
"weightX[4,2]",0.0263,0.02542,0.01857,0.00061,0.09393,1
"weightX[5,2]",0.02364,0.0229,0.01674,0.00061,0.08482,1
"weightX[6,2]",0.02275,0.02013,0.01728,0.00063,0.07356,1
"weightX[7,2]",0.02308,0.02129,0.01702,0.00057,0.08156,1
"weightX[8,2]",0.02385,0.02263,0.01719,0.00066,0.08439,1
"weightX[9,2]",0.02342,0.02266,0.01622,0.00058,0.08452,1
"weightX[10,2]",0.02578,0.02424,0.01826,0.00084,0.08922,1
"weightX[11,2]",0.0262,0.02569,0.01825,0.00057,0.09549,1
"weightX[12,2]",0.02687,0.02528,0.01976,0.00069,0.08782,1
"weightX[13,2]",0.02487,0.02341,0.01774,0.00056,0.08668,1
"weightX[14,2]",0.02796,0.0258,0.02082,0.00058,0.09244,1
"weightX[15,2]",0.02603,0.02424,0.01875,0.00067,0.09169,1
"weightX[16,2]",0.02592,0.02607,0.01814,0.00065,0.09146,1
"weightX[17,2]",0.02414,0.02256,0.01765,0.00058,0.08544,1
"weightX[18,2]",0.02268,0.02121,0.01687,0.00071,0.08253,1
"weightX[19,2]",0.02346,0.02119,0.01717,0.00058,0.07664,1
"weightX[20,2]",0.02487,0.0227,0.01852,0.00068,0.08611,1
"weightX[21,2]",0.02731,0.02635,0.01963,0.00081,0.09672,1
"weightX[22,2]",0.0262,0.02622,0.01787,0.00057,0.09921,1
"weightX[23,2]",0.03061,0.02851,0.02253,0.00098,0.10241,1
"weightX[24,2]",0.03133,0.02771,0.02387,0.00093,0.10471,1
"weightX[25,2]",0.0286,0.02655,0.02131,0.00071,0.09786,1
"weightX[26,2]",0.03024,0.03033,0.02135,0.00089,0.11221,1
"weightX[27,2]",0.02358,0.02231,0.01721,0.00079,0.08162,1
"weightX[28,2]",0.02214,0.02083,0.01583,0.00067,0.0795,1
"weightX[29,2]",0.02244,0.02084,0.01646,0.00052,0.07527,1
"weightX[30,2]",0.0258,0.02248,0.01972,0.00094,0.08179,1
"weightX[31,2]",0.02983,0.02775,0.02124,0.00086,0.10285,1
"weightX[32,2]",0.02478,0.02342,0.01733,0.00073,0.08685,1
"weightX[33,2]",0.0235,0.02239,0.01726,0.00048,0.08446,1
"weightX[34,2]",0.02739,0.02592,0.0204,0.00076,0.09721,1
"weightX[35,2]",0.02999,0.02673,0.02281,0.00073,0.09863,1
"weightX[36,2]",0.02617,0.02589,0.01826,0.00066,0.09549,1
"weightX[37,2]",0.02215,0.02007,0.01678,0.00067,0.0714,1
"weightX[38,2]",0.02514,0.02436,0.01794,0.00075,0.09207,1
"yr.w[1,1]",0.28022,0.06817,0.27742,0.15583,0.42359,1
"yr.w[2,1]",0.33422,0.06907,0.33172,0.2093,0.47549,1
"yr.w[3,1]",0.16589,0.05656,0.1603,0.0698,0.28693,1
"yr.w[4,1]",0.10697,0.04591,0.10186,0.03388,0.20581,1
"yr.w[5,1]",0.11269,0.04829,0.1075,0.03535,0.2156,1
"yr.w[1,2]",0.26505,0.07491,0.25962,0.13238,0.41996,1
"yr.w[2,2]",0.34233,0.07803,0.343,0.19008,0.49472,1
"yr.w[3,2]",0.166,0.05961,0.15973,0.06832,0.30088,1
"yr.w[4,2]",0.1144,0.05177,0.10744,0.03593,0.23256,1
"yr.w[5,2]",0.11222,0.05122,0.10541,0.0333,0.23242,1
